646111366,America Pages
425853575,Lucia Valero
316883849,Susanita Angel
396761132,Debora Palacios
314936147,Crescencia Cueto
869068244,Paula Lledo
493071361,Benjamin Novoa
127866470,Maria Jose Carreno
572797290,Olalla Bayon
227333857,Eusebia Pina
475575629,Jose Manuel Valverde
721626782,Primitiva Montalban
350604394,Carmina Menendez
788976991,Anabel Vega
928267149,Hermenegildo Escriva
864449504,Adora Sabater
951342749,Luis Carrillo
326763203,Clarisa Pazos
672130447,Aroa Hernandez
485453977,Geraldo Juan
858879020,Roberto Torrijos
585747285,Marisa Cazorla
680564742,Maria Carmen Roman
539812523,Encarnita Calzada
857699365,Andres Ibarra
818503822,Artemio Esteve
306423389,Marciano Camara
364166275,Josue Luz
866971257,Pepita Cuervo
608263895,Tadeo Calleja
244945976,Constanza Calleja
879568259,Severino Estevez
649454680,Maria Dolores Ledesma
495163862,Teobaldo Porta
750169536,Maxima Raya
937082694,Perlita Leon
631688776,Reyes Villalobos
941531001,Quirino Bas
900852980,Yolanda Aller
278590651,Elias Gomez
338431813,Sigfrido Heras
287819198,Marcial Sastre
723358534,Vinicio Madrigal
548164344,Aureliano Mas
736234235,Yesica Escribano
401134163,Ciriaco Cantero
961460326,Eva Armas
604781399,Nilo Barrio
529717605,Agueda Ibanez
549819751,Chuy Caballero
581803187,Inigo Nogues
822308868,Jose Caro
378831869,Urbano Montero
880262973,Jose Antonio Jordan
997956585,Anacleto Canals
325346561,Isaias Frutos
391447768,Soraya Jurado
259000079,Lupe Pelaez
633682998,Leocadia Saenz
167088341,Quirino Arranz
970879765,Armida Ugarte
496101840,Cipriano Jorda
965767498,Marita Bou
925496672,Rosaura Sebastian
858717702,Adolfo Fajardo
233432108,Arturo Palomar
447003689,Jesus Lasa
125641540,Rafa Tejera
405989888,Dalila Vina
432075575,Cebrian Muniz
433574164,Milagros Simo
503978643,Beatriz Trujillo
712190747,Fortunato Mayo
909190463,Jose Miguel Dalmau
122448704,Damian Banos
233495001,Ursula Montesinos
344678032,Roberto Cuevas
904897731,Ester Checa
518100040,Ovidio Iriarte
173978011,Marina Palomares
839686583,Jacobo Bayo
644078383,Merche Ropero
202817991,Evelia Perea
657291273,Feliciano Colomer
883132454,Bernardita Coronado
542773196,Eulalia Iniguez
189165620,Gema Cisneros
204255082,Jimena Riera
677483952,Olimpia Baron
962911209,Wilfredo Aliaga
911034414,Lupe Prats
973175505,Rodrigo Borrell
632014142,Faustino Nogues
121882130,Cloe Sastre
365992275,Jose Angel Atienza
426303886,Tristan Benitez
714445083,Leon Lucena
521432102,Cirino Soler
522005471,Chuy Quero
989666494,Paz Barriga
509846184,Matias Vives
460693570,Augusto Cortes
318980162,Manu Costa
812168469,Jose Antonio Castejon
319433788,Aurora Pozuelo
420321039,Samanta Lillo
849831562,Jose Luis Alegria
930124881,Jimena Ramos
631874890,Alondra Pombo
614237496,Silvio Neira
793783456,Noa Nebot
883254579,Asuncion Olivares
798358757,Gema Flor
966991307,Rafaela Alfonso
531341673,Wilfredo Galan
238670851,Casemiro Atienza
771745349,Albert Miranda
354521795,Lucas Munoz
160752135,Marcelino Mata
848672518,Anselma Carranza
634325578,Ariel Alegre
293691449,Walter Villegas
923891011,Griselda Barreda
321550842,Eustaquio Rios
664232471,Alexandra Oller
774633990,Rogelio Aviles
218492784,Patricia Artigas
718277409,Jose Riquelme
514667304,Noa Barbera
532579338,Dorotea Garcia
381573846,Reina Amo
704196313,Calixto Olmedo
915643468,Palmira Cantero
612094972,Blas Pont
334381046,Julie Cortes
250756685,Ildefonso Castell
378170992,Flavia Dalmau
569861043,Chelo Casares
243073080,Rosario Carreras
924308581,Octavia Marco
697667375,Constanza Ferrando
918360086,Gustavo Paniagua
502772124,Felix Andres
686100876,Paulino Chacon
937302366,Susanita Castell
948489451,Leire Baron
583402824,Vidal Verdu
142040829,Luciano Rodrigo
443543010,Cosme Banos
306714209,Carina Bernal
512807260,Ruth Mata
201500141,Julio Cesar Garriga
769252005,Valentin Ros
498342529,Mar Millan
437031601,Jose Ramon Tudela
140592048,Cesar Robledo
873221866,Fortunata Bolanos
799176440,Chema Montoya
355767622,Salud Otero
160507232,Cristian Serna
902048940,Julian Castello
416278404,Emigdio Alcala
402789730,Amelia Enriquez
947933995,Jeremias Alvarado
890851054,Jose Angel Puerta
913191919,Godofredo Benavent
335071598,Flavia Feijoo
844299883,Severino Almazan
879459775,Anselma Peinado
969870153,Nicolasa Mur
904922668,Julie Calderon
336818073,Fulgencio Morell
812564842,Jennifer Azorin
466228847,Almudena Vilalta
169199311,Maribel Coronado
443945911,Yessica Artigas
760993004,Liliana Pozuelo
862681962,Pablo Iniesta
699870524,Rosalia Jordan
928494107,Bernardino Redondo
162937060,Nicodemo Arroyo
793025373,Francisco Jose Agudo
233211710,Zacarias Roig
606143273,Pancho Vallejo
526781694,Jeremias Marin
291868014,Dimas Iniguez
148997857,Ruth Sotelo
834372213,Ariadna Sole
803452412,Pascual Tamarit
525826890,Isidora Huerta
312830176,Natanael Casal
397675230,Amanda Escobar
652886230,Jose Angel Vera
154047905,Sabas Correa
659167154,Agueda Rios
810696764,Chucho Criado
247782627,Serafina Pallares
261945771,Jose Antonio Vazquez
433878597,Graciana Reguera
799730660,Demetrio Pazos
909376479,Griselda Palomar
395484370,Ruy Ibarra
769008223,Emilio Pascual
159453795,Fabian Canovas
833358060,Martin Revilla
884819818,Jose Francisco Serrano
640740164,Ricarda Velasco
125855647,Jaime Gallart
383564767,Ruben Canete
804182579,Palmira Clavero
574720311,Graciela Rueda
740705158,Heraclio Coello
266930524,Javier Solana
656687242,Francisco Jose Ramirez
753391104,Gema Lorenzo
919144691,Clotilde Salamanca
928797095,Natividad Conesa
118576515,Andres Roldan
123862127,Ligia Sosa
442382292,Montserrat Carballo
675618798,Venceslas Tovar
211526797,Trinidad Belda
706452802,Aurelio Ramirez
996933273,Noemi Villanueva
811895773,Eleuterio Coello
357493889,Lucas Arjona
686908859,Mar Cifuentes
703802953,Maria Cristina Pombo
325122693,Remedios Bonilla
930413737,Baltasar Montserrat
460934912,Juan Carlos Palomares
623286464,Nidia Medina
249866459,Ricarda Prats
358847084,Rodolfo Fuster
951505185,Olga Bernat
705502711,Arturo Perez
973574230,Sofia Figueras
767711828,Berta Abascal
450799960,Nayara Rosado
823152216,Felisa Varela
542188401,Maria Jose Benitez
786952161,Victor Manuel Saez
190187409,Carlos Aranda
838590303,Zoraida Tomas
909483883,Leocadia Barranco
742380618,Pastora Sarabia
260603249,Manolo Sanchez
361027262,Juan Carlos Patino
997264150,Susana Prat
223743733,Jordan Prat
590608579,Alejandra Llado
304613974,Odalis Prada
839080384,Reynaldo Peinado
223569715,Dario Benitez
603003712,Rene Sevilla
126706942,Sonia Miguel
915638856,Gisela Canton
333640692,Eustaquio Rosell
134224318,David Mas
530673221,Benigna Salgado
768271856,Berta Donaire
427510231,Tristan Plaza
677037834,Fito Godoy
200916090,Carmelo Escudero
279366954,Bruno Arnal
226476756,Eric Bertran
651297460,Ligia Hoyos
342351787,Jose Luis Angel
507908207,Walter Huertas
954802468,Emilio Granados
611844269,Bernardino Palacios
292901521,Laura Aguirre
263319711,Hilario Roca
995369359,Pastora Ayuso
139106758,Macarena Jorda
880546641,Nilda Mayo
602200822,Isabel Balaguer
913103312,Ester Simo
979408498,Gertrudis Hervia
157325929,Samu Reina
876110180,Javiera Hernandez
166183282,Isaura Rivas
209469413,Cayetano Ramis
707513953,Guadalupe Tomas
436727761,Amalia Pelayo
793005063,Eusebio Iglesia
310063821,Eufemia Arnaiz
827588390,Mateo Perea
582268087,Aureliano Sole
718703306,Esmeralda Nogues
472711383,Viviana Cuevas
422868615,Lara Giner
224413428,Victorino Cazorla
434450137,Etelvina Cepeda
771111508,Maximiano Tejada
477022714,Jordan Gomez
758302991,Benigna Arnal
759987005,Dan Escolano
522820002,Liliana Carmona
859806236,Luz Rodriguez
236109925,Jose Angel Batalla
788738025,Olimpia Perez
543234359,Dionisio Pi
735707763,Ursula Diaz
394932908,Rosa Quiroga
545701583,Sancho Zamora
190640830,Victor Manuel Rivera
223373712,Dorotea Palomino
774558483,Griselda Tapia
535817647,Dan Vega
903302850,Melania Llano
351434494,Casemiro Diez
931613273,Emperatriz Bernat
417846209,Jesusa Arnau
195827112,Pia Vendrell
966110832,Feliciana Bonet
128718447,Marino Manjon
213297423,Silvestre Ruiz
361464841,Florinda Llanos
842277486,Ricardo Bayona
886833377,Nelida Grande
243414295,Alma Calatayud
244621500,Joel Gutierrez
773969126,Ceferino Pastor
449350073,Dafne Bolanos
826998084,Balduino Marti
995027537,Maristela Aranda
805389540,Prudencia Pina
178117706,Gracia Cases
822197498,Angelita Cervantes
426659028,Casemiro Crespi
344240953,Marta Aragones
858038615,Celestino Cruz
584013441,Nereida Tormo
244599529,Azeneth Verdugo
699284161,Rene Cozar
967971845,Geronimo Gomez
111509870,Julie Pons
806197232,Conrado Garcia
378399918,Rosaura Berenguer
903688829,Vinicio Pombo
658123566,Adelaida Criado
692374180,Manu Alvarez
160383281,Marianela Fabra
854291397,Tamara Fiol
352684911,Nelida Segura
864545982,Reyes Ballester
677543127,Teofilo Palau
852265454,Malena Baro
951732200,Arsenio Cuadrado
256837586,Walter Prado
322854510,Placido Iglesias
287185337,Mariano Uria
746039604,Zaira Navas
700883229,Heriberto Cerdan
678326683,Obdulia Alcalde
309957967,Antonio Mugica
492417526,Emilio Verdejo
773792184,Caridad Banos
330339032,Iris Ferrero
830104219,Leandra Jordan
545677881,Candelaria Pons
809517699,Tatiana Clavero
336519082,Jeremias Cantero
554546346,Emigdio Boada
151287078,Modesta Carmona
541540394,Mariana Batlle
687784958,Inmaculada Padilla
617117920,Felisa Yuste
840010011,Berta Paniagua
243374375,Albina Borja
750151300,Joel Grau
271987304,Angeles Cazorla
638896373,Ariel Roca
240946799,Maria Luisa Diez
571755279,Hipolito Franco
736294552,Eustaquio Pina
252512978,Lina Torre
414048315,Dario Miralles
426966245,Mar Andreu
490568560,Tito Haro
534542326,Consuelo Carrion
796018196,Heliodoro Guardia
751998657,Delia Pla
347689016,Emigdio Ribera
324007088,Adelardo Valbuena
111214003,Trinidad Barco
907025918,Miguela Porcel
808077948,Georgina Portero
497557318,Candelario Ferrandez
971855003,Jose Francisco Iniguez
953295732,Paola Bayon
525770694,Caridad Caceres
891046087,Fito Alfaro
241381270,Marc Portillo
615399806,Rafael Almazan
849051015,Reyes Portillo
268575457,Ceferino Gutierrez
687973732,Rosa Maria Silva
512395762,Estela Lobato
669678349,Adela Ibanez
675788246,Leonor Aleman
482682718,Felix Sacristan
734990118,Jose Manuel Millan
983138021,Sarita Sans
355415416,Amancio Sanmartin
807955973,Aristides Merino
518093340,Lara Narvaez
572330850,Jose Carlos Bustamante
540695344,Rosalia Uribe
597843836,Plinio Escribano
888973594,Javier Plana
315138255,Erasmo Ayala
761442949,Joaquina Aguila
523184380,Hector Prado
495756320,America Villa
959268361,Bernardo Cabello
612433988,Maximo Alamo
555158736,Maria Teresa Galvan
422802752,Agueda Herrero
639208400,Azahar Figueras
781444059,Baldomero Querol
844772005,Conrado Borrego
664002359,Emilia Tejedor
416535208,Marta Roda
250825637,Tomasa Barral
145256554,Evaristo Morcillo
397951780,Abril Roig
253198919,Sebastian Canellas
750642751,Cosme Alvaro
720163616,Eleuterio Mari
439640854,Fernando Bermejo
698861497,Anastasia Camara
651488449,Jimena Baron
264180616,Ceferino Tormo
701411134,Lucio Flores
238073321,Carla Minguez
506805395,Jose Antonio Calvo
278735695,Moreno Feliu
864549519,Jonatan Boada
251999049,Paca Tormo
643034166,Marciano Vallejo
775935393,Luis Fabregat
351769068,Maximiliano Jurado
978340532,Marcial Heredia
277288788,Faustino Neira
909762387,Valentin Amor
174088573,Soledad Salom
858983587,Rocio Machado
528486876,Luciana Tapia
674691917,Edu Urena
847111307,Aurelio Castejon
518044860,Luisa Amigo
681838123,Anibal Giner
626096262,Manuelita Benitez
334884217,Marianela Castilla
521640212,Florentina Planas
798867187,Mayte Martin
488703637,Anselmo Samper
992835448,Martina Pages
954330010,Juan Luis Castellanos
791540403,Regina Hidalgo
341569499,Etelvina Colomer
849952995,Ruy Miranda
786132254,Calixta Mir
778262572,Trini Vera
881551538,Victor Belda
795306949,Maria Gaya
773905296,Leocadia Correa
597065544,Irene Quevedo
250698695,Morena Llado
575166704,Tono Mir
561555329,Faustino Paez
325074770,Evangelina Bernad
953735362,Primitivo Lobato
876302269,Artemio Lucas
299178568,Angel Rodrigo
706163644,Marc Gomis
504164818,Miriam Calderon
914420696,Carlito Casas
300737181,Jose Manuel Aller
825152198,Cipriano Armengol
978427089,Elisabet Rodriguez
748522205,Ursula Ortega
125731096,Debora Ros
442521245,Dafne Bermejo
865141605,Narcisa Fuente
540504296,Jonatan Contreras
451104608,Carmelita Montserrat
988303542,Dora Yuste
422839074,Bruno Valcarcel
180232723,Ceferino Gomez
903936119,Emilio Lasa
660324882,Edelmira Comas
695927284,Morena Anton
994101803,Carmina Asensio
313493872,Cruz Nogues
781740585,Genoveva Guitart
980282848,Conrado Pacheco
691919108,Jesus Barbero
451375360,Alba Zabala
267220895,Camilo Villalonga
996582150,Maxi Ruiz
239643712,Luis Benet
445189057,Olalla Prada
861021924,Ana Sofia Villaverde
415206412,Aurea Casal
705168333,Selena Maldonado
179427390,Venceslas Frutos
810492129,Primitiva Goicoechea
265857610,Adora Aguilo
417187396,Joaquina Castello
648326655,Carla Quesada
108701343,Leonel Galvez
243476397,Maria Dolores Olivera
837920705,Geraldo Pomares
350470075,Glauco Patino
534732920,Reyes Carbonell
407094879,Maribel Lopez
499568608,Aureliano Alegria
528839878,Dorotea Neira
261448414,Julio Patino
468021117,Alma Pena
763309691,Benigno Falco
385130590,Ximena Sanjuan
195265692,Roberta Plaza
927921884,Ruben Bayon
701632555,Lupita Ruiz
529144885,Valeria Cases
871290607,Cintia Orozco
734613215,Jafet Calatayud
495363176,Loreto Benito
768559688,Guadalupe Bonilla
441410219,Coral Tejedor
478274453,Paz Guillen
720542057,Omar Guillen
520224504,Humberto Puga
350344470,Moises Puig
451882511,Marino Acevedo
949247722,Juliana Rodriguez
356050651,Purificacion Querol
168478287,Lalo Fuente
567665968,Albano Vendrell
272739813,Leonor Higueras
225733861,Socorro Ayllon
672586015,Lucia Sanz
490954407,Alex Torrecilla
660793317,Micaela Espana
134965615,Bernardo Cuervo
458813414,Obdulia Mari
164261892,Francisco Mosquera
482861526,Geronimo Serra
553918846,Amancio Seco
526457425,Zaira Prat
531829874,Adoracion Cobos
231434312,Inocencio Arnal
158323671,Haroldo Monreal
746575628,Angel Zabaleta
193133603,Clemente Lozano
341635815,Carlota Baeza
756636557,Aurea Rosa
320062588,Angelino Yanez
273156277,Vera Vilanova
920934373,Cosme Alegre
985710725,Pedro Castells
254446728,Malena Saez
692201945,Guiomar Fabregas
430962121,Eufemia Llorente
751180738,Elodia Posada
839344118,Victorino Solano
594303835,Ainara Barrena
894881500,Rafael Machado
187858720,Sarita Cabello
341293186,Flavio Pedro
898197874,Vera Bonet
346332495,Custodia Lloret
314078045,Leon Costa
617090468,Roxana Prieto
405395967,Reinaldo Casal
691595863,Odalys Pascual
624452228,Visitacion Vall
356263544,Gonzalo Monreal
912674931,Magdalena Camara
318811466,Ramona Gomila
612948476,Eliana Fabra
656043851,Tere Asenjo
616077817,Josue Llamas
459561070,Moreno Alfonso
592916344,Sergio Sanabria
904895832,Encarnita Carreras
310299776,Nilda Alvarado
207017281,Santiago Vaquero
864300270,Lilia Ripoll
211153371,Elena Arribas
730625031,Juan Bautista Portero
628568671,Jordan Gomis
349194598,Osvaldo Gimenez
394095173,Bautista Pedrero
380408524,Tadeo Benet
973390812,Debora Sola
138297159,Guillermo Cantero
866638287,Alma Mate
203497998,Esmeralda Aviles
318085562,Teodosio Cisneros
229460433,Isidoro Machado
819048243,Wilfredo Crespi
645049337,Leonardo Iglesias
991322448,Camila Perello
299038042,Romulo Mayoral
452177870,Matilde Casanova
600380111,Nando Chaparro
179279521,Artemio Alberola
405249741,Renato Ayuso
327059769,Isaias Segovia
824236175,Mirta Pedrosa
727274339,Mirta Alcantara
103688605,Ruy Arnaiz
204647213,Rosa Murillo
961511915,Maura Elias
129795939,Eusebio Maza
510587200,Goyo Lillo
685095842,Amaya Poza
604119133,Segismundo Pol
621120193,Cleto Herrero
686356969,Ofelia Higueras
635403771,Wilfredo Rio
932038139,Ernesto Miguel
538661701,Visitacion Alonso
969847211,Marina Roura
816012986,Herminia Cid
528938476,Lucia Bayon
209123531,Jose Miguel Toledo
703793795,Raul Carnero
870631950,Agapito Rivera
320481624,Rafael Lluch
668789861,Jeronimo Sureda
608447638,Ale Juan
293720454,Olalla Llorens
559513677,Rogelio Clavero
346391228,Agustin Camacho
584416959,Segismundo Chaparro
635074472,Guadalupe Plaza
845000958,Alicia Aragon
690145557,Emilio Alcantara
157265719,Salud Blanch
988630461,Dan Exposito
667680478,Lupita Aroca
237542454,Rosalina Gras
837858168,Emperatriz Nunez
186305056,Irene Silva
762439204,Lupe Montesinos
783896897,Hilario Andrade
327138396,Agustin Acedo
935687769,Valentina Nicolas
730626855,Agustina Leon
654376725,Quique Castro
352439051,Adelardo Morillo
664427651,Ramona Casals
702331270,Joaquina Reguera
747888959,Eliseo Coloma
405719820,Vanesa Carbonell
695639298,Malena Mateos
629940400,Onofre Sotelo
438697827,Cebrian Galiano
724770097,Amor Caballero
806115511,Eli Linares
908507384,Antonio Penas
336757161,Nadia Talavera
695436117,Baudelio Rovira
810003692,Herminio Garmendia
275283443,Emma Dieguez
504202494,Efrain Granados
752137554,Toribio Pino
970276931,Samuel Silva
250732799,Noe Huguet
323371273,Reinaldo Alegre
658984128,Tito Sanchez
878419183,Jose Manuel Malo
535016462,Cruz Santiago
530434301,Joaquina Torrents
543932789,Matias Anton
807146940,Vicenta Gisbert
285449944,Heriberto Moya
418344618,Nerea Mulet
418990113,Ainoa Menendez
837141490,Moreno Mayol
704329483,Edgardo Contreras
457070268,Griselda Pou
230697018,Pablo Figueroa
148699690,Maura Aranda
798294998,Adora Garcia
199274805,Angel Camara
497852239,Sabas Burgos
997379322,Julio Cesar Velazquez
768569786,Marcos Cerro
712818334,Cayetana Baeza
525389085,Sonia Mateu
371656543,Rufina Beltran
739557792,Gema Infante
438117439,Julie Lerma
819552558,Gregorio Franco
737232510,Micaela Melendez
450259190,Jose Exposito
841303716,Ismael Baez
794607793,Edgardo Sarmiento
401757981,Eulalia Tovar
340267205,Rosalinda Salva
172110657,America Lloret
171278021,Ester Ortiz
761567602,Diego Amoros
671510342,Jose Miguel Garrido
981135340,Dafne Parejo
777775399,Adalberto Escobar
916177565,Dani Pintor
531516116,Bonifacio Barral
983072000,Sabas Alarcon
415183885,Fortunato Crespo
857930486,Saturnina Carrillo
957860431,Evaristo Rodrigo
936321134,Josep Marquez
339398085,Carina Tenorio
479107874,Beatriz Saez
925498602,Paz Castellanos
207630551,Benigno Huguet
184762653,Luciano Alcalde
980370211,Loreto Torre
109403344,Lola Coronado
578194911,Adolfo Artigas
611163465,Felicia Mugica
956119238,Luis Miguel Vallejo
793242027,Angelina Casado
787196202,Jeronimo Rodenas
650454501,Anita Alcaraz
415971800,Ofelia Tellez
216883537,Elisa Olmedo
876458722,Jose Manuel Pavon
110921162,Benigno Davila
268259289,Primitivo Domenech
411766135,Juan Francisco Prat
332966727,Cristina Salamanca
572656955,Nilda Lastra
986630479,Susana Barbero
538541877,Iker Sanchez
140668621,Aranzazu Bonilla
711600101,Benjamin Guzman
389939541,Anastasia Reig
653870465,Hector Conde
853118601,Sandra Vidal
140946182,Bienvenida Villanueva
981990919,Samu Lopez
538310739,Maria Luisa Plaza
131627981,Eliseo Pedrosa
800530034,Tania Jimenez
539151178,Salomon Duque
149505964,Alejandro Canizares
597847437,Climaco Marin
225304790,Debora Murcia
278223216,Abraham Hernando
352281067,Dulce Barrios
394652407,Isaura Olivera
162317419,Romulo Cordero
227498431,Adora Bosch
651863144,Dafne Sanchez
108431528,Juan Manuel Ibanez
355996910,Griselda Ariza
520082918,Geraldo Villalonga
948509403,Jeremias Santiago
913239532,Aristides Morante
286192596,Cayetana Molins
341777393,Marisela Arco
299265459,Pepita Ripoll
222888046,Primitivo Salas
744204631,Maria Carmen Miguel
610598021,Bruno Fernandez
741593711,Leonor Lloret
609163729,Narciso Sanchez
346495641,Carmelo Hervas
977331020,Luis Angel Paez
886786789,Jimena Angulo
645989037,Alma Calderon
409683140,Manuelita Gomila
122437410,Chus Costa
200323646,Judith Marquez
349186672,Flavio Rodenas
337452779,Gracia Cozar
625752287,Diana Nino
774329748,Miguel Martinez
344497399,Juan Luis Jara
867861475,Leon Maldonado
704413772,Tere Beltran
415374669,Jose Maria Sancho
789522384,Angelino Montana
943268259,Hortensia Carranza
337368121,Ariadna Campos
386514772,Otilia Manuel
388189333,Casandra Cuervo
877557599,Agustin Jodar
738190630,Marisela Vazquez
375555959,Guadalupe Goicoechea
624676035,Iban Arcos
155345833,Regina Aller
629804786,Encarnacion Villalba
902299509,Eligia Berrocal
359444031,Jafet Barcelo
788863899,Ismael Jove
118980410,Griselda Aguila
916192502,Marcial Salgado
986274045,Zaira Ocana
245251935,Blas Alcolea
907599885,Jose Antonio Espanol
862900588,Rebeca Roura
890749309,Emiliano Amigo
962018435,Mariano Pereira
647071433,Angel Peral
380066176,Daniel Gascon
617866425,Blanca Amat
817567341,Visitacion Tejedor
209368182,Marisa Aroca
250003358,Edgardo Vizcaino
998645565,Benigna Amoros
516805844,Gisela Gargallo
913608905,Leyre Menendez
689505633,Raul Morcillo
465959054,Flor Camara
114525580,Florencio Figuerola
599887463,Carlito Tejada
545349188,Irene Hurtado
490647771,Adelina Leon
207161760,Maxi Tirado
409196481,Leocadia Chaves
338014704,Marisela Cardona
707611150,Cesar Salinas
558009632,Hugo Blanca
298357756,Cornelio Silva
338052005,Fausto Ferrer
413708516,David Maza
454526662,Amancio Narvaez
253105751,Nuria Manzanares
631438796,Dionisio Barrena
913482867,Isabel Girona
525233035,Jose Manuel Bernad
459589953,Rebeca Leiva
805377615,Cayetana Fonseca
986202194,Jafet Fiol
511341800,Vasco Castello
793041859,Americo Redondo
156207375,Asuncion Valenciano
207752529,Anselmo Asensio
864877720,Marcial Trillo
592082812,Rosalva Espada
895222997,Lucio Marin
989055245,Pablo Segura
892025441,Casemiro Pomares
237236817,Encarnita Marino
738333288,Walter Nevado
838140411,Lorenza Sales
992532019,Dolores Camacho
918013367,Ignacio Baquero
272629518,Eutropio Noriega
851648815,Juan Bautista Ponce
196386440,Lucas Lobo
531334982,Aura Diaz
559392212,Melania Garcia
870358910,Elpidio Anglada
483635477,Jenaro Tejada
606747350,Amparo Villaverde
742530364,Sarita Llano
947288157,Constanza Garcia
851784100,Sabas Mateo
798451910,Fanny Miguel
828746126,Jovita Caro
969138428,Alberto Jordan
271539053,Marcio Carnero
632015766,Eli Duarte
813776994,Anita Cortes
401244745,Adora Medina
117966512,Rafa Pomares
954517492,Ileana Sans
517180499,Felicidad Almagro
338744365,Abril Fiol
166255090,Emilio Serna
959623053,Ursula Pintor
653341092,Dan Jimenez
583608298,Patricio Montserrat
329858741,Demetrio Llado
243177922,Telmo Infante
771568025,Aroa Castilla
935396618,Priscila Catalan
408840860,Encarnacion Valle
928710215,Efrain Vidal
853173200,Efrain Alsina
238048518,Heliodoro Artigas
761233417,Casemiro Urena
994946163,Marisol Barrera
805022657,Andres Felipe Morales
153647994,Julio Cesar Cortes
362753376,Rodolfo Yuste
723681834,Quique Canton
314436508,Manolo Montalban
183482690,Andrea Revilla
152415164,Filomena Gargallo
329934571,Aurelio Jerez
743050674,Rosalia Oliveras
799226730,Guiomar Morante
484534559,Amor Morillo
603393513,Jacinto Ribas
411325384,Fatima Luis
967883354,Teresa Guerrero
303043281,Mariano Artigas
739166290,Isabela Garmendia
220801378,Petrona Olmo
845938131,Ivan Salamanca
918731384,Octavio Puig
725518720,Paulino Jaume
195961272,Priscila Castello
633135588,Emilio Baez
330626113,Martirio Tomas
758737059,Fortunato Jimenez
597099375,Jose Manuel Lillo
977077023,Leandra Ruiz
276288178,Manuel Espanol
728605186,Carmelo Coello
382139302,Sebastian Chamorro
164978020,Lidia Morcillo
892156115,Ramiro Nadal
143787199,Herminio Vicens
709455124,Augusto Borja
938496558,Adolfo Enriquez
361859095,Rufino Reyes
561846818,Clementina Herrera
646861320,Carlito Alvaro
218686745,Haroldo Vilalta
297201041,Eutimio Aroca
624879702,Victoriano Miguel
202860785,Irma Rius
261840396,Macario Bayo
772970182,Daniel Godoy
641875436,Ruy Elorza
425330050,Geronimo Guerrero
273362624,Sarita Aparicio
830063594,Africa Chaves
946728228,Abel Carbonell
455242411,Victor Manuel Mateu
405271219,Araceli Vazquez
616130525,Lucio Cabezas
299953845,Maria Carmen Sanmiguel
153329983,Jose Jodar
850126179,Abilio Calderon
532365207,Felipa Barrios
903752354,Juan Luis Serrano
324305451,Claudio Cuadrado
660425229,Pancho Maldonado
376259445,Severino Arevalo
992859144,Ainoa Blanes
655439382,Quique Fuente
959178411,Encarnacion Nicolau
766388395,Leandro Casanovas
982912395,Climaco Cantero
366759287,Maxi Zapata
656212449,Candida Castaneda
712352514,Maria Del Carmen Abascal
201861575,Lisandro Ruiz
479247578,Leoncio Sarabia
653824024,Florinda Boix
329479496,Eusebio Blanes
681295212,Isidora Canizares
441644888,Aureliano Valverde
930329727,Lupita Pinol
145763836,Bernarda Mur
962694636,Rosa Maria Gutierrez
506854912,Paloma Maldonado
782125056,Encarnita Aleman
961283350,Paca Moll
883112148,Griselda Goicoechea
625286021,Asuncion Vargas
484906285,Daniel Espana
273995860,Pio Cordoba
677749910,Jose Mari Merino
364229936,Manu Company
549542972,Cebrian Serrano
875061490,Susana Hernandez
656050147,Amalia Rubio
156606402,Fausto Tena
302232513,Teodora Paredes
913360750,Jimena Salcedo
346267283,Estela Perez
604068598,Jafet Hernandez
325320312,Rosa Azorin
471348131,Jordan Rocamora
335070844,Sabina Soriano
702941569,Lope Castro
937603914,Dorita Soler
747423857,Maria Manuela Conde
394423610,German Galindo
669662417,Celestino Coronado
632499820,Rebeca Cobo
429165733,Teo Cerdan
660909608,Coral Linares