604876475,Dalila Gil
578156593,Carmina Tapia
139332871,Cecilio Montero
719659342,Gonzalo Estevez
833969477,Gertrudis Palau
256012309,Fabiana Benavent
321730086,Estela Cadenas
916345792,Jose Frutos
984564280,Zacarias Bermudez
466109352,Jose Gisbert
878900754,Pilar Solera
089131934,Lino Esparza
003485590,Raquel Urrutia
159004229,Luis Miguel Paniagua
465461187,Ainoa Navas
296111330,Rogelio Aguilo
635110873,Diego Valencia
972966875,Perla Valentin
694711801,Jafet Castrillo
634896769,Delia Guillen
660223450,Andres Felipe Teruel
172009925,Cruz Olivares
418306753,Xavier Palacios
841269611,Severo Barros
150552035,Calisto Clemente
175420355,Ainara Marco
833245602,Eliana Almansa
375806606,Luisa Montes
762662375,Azeneth Cisneros
489267173,Candelaria Ramirez
714543910,Calisto Jauregui
816864475,Clementina Cervera
377857074,Eric Valbuena
050190443,Epifanio Maestre
272852327,Paco Porcel
502394918,Maricruz Luis
000250402,Bernardo Roman
803513853,Pilar Fortuny
077706777,Desiderio Boada
023732455,Trinidad Campo
912633408,Aranzazu Romero
845357492,Emigdio Alcantara
933236599,Eligio Valentin
851429635,Mireia Manzanares
405980250,Amor Barriga
376254256,Roberto Agusti
230282169,Cristobal Sebastian
273852654,Nieves Ugarte
616570040,Jose Manuel Manjon
909255445,Ana Belen Quintanilla
931864282,Bernardino Criado
536208296,Poncio Simo
934261973,Mar Sancho
951407043,Maria Belen Puga
820195501,Graciano Cano
648022270,Luna Vizcaino
487278209,Galo Vila
818501169,Pastor Sanmiguel
060460925,Zaida Berenguer
436151105,Alfonso Elorza
811551702,Violeta Villalonga
950760334,Nando Dominguez
622005800,Asdrubal Caparros
861269516,Teresita Rubio
809973409,Modesto Portillo
257629481,Rafa Ojeda
486064635,Eloy Catalan
230827594,Lilia Naranjo
678466122,Adelardo Villar
517594732,Chita Bermejo
409262790,Yesica Perez
742385249,Paz Cobo
512029830,Anacleto Quiroga
758511496,Jaime Pedrero
587355645,Salvador Luna
678799368,Maria Torrecilla
521250300,Roberto Acuna
336670636,Maria Del Carmen Armengol
402926395,Heriberto Robledo
646198537,Jose Ramon Orozco
374579281,Godofredo Marin
673260583,Lourdes Mosquera
000237931,Rosalva Villalobos
712312678,Humberto Pedro
874688119,Lupe Urena
274197436,Rodrigo Velazquez
560169220,Diego Ropero
588027045,Emigdio Nunez
236397524,Lorena Olive
450190412,Leonor Llopis
640004155,Carla Madrigal
716528037,Rodolfo Anglada
837446670,Fidel Zamora
362382923,Azucena Mari
801036746,Onofre Prieto
729840925,Griselda Palma
455966968,Marc Gutierrez
478034710,Heriberto Calderon
092436755,Chucho Rosales
729986930,Baltasar Rubio
779541721,Ariel Jove
164415881,Adan Armas
930360096,Eligio Martinez
600810422,Pepita Vendrell
757788115,Valentin Pla
691184945,Graciela Tapia
715693808,Anunciacion Canton
520782649,Alondra Garces
433438957,Jordan Nebot
931873464,Ariel Franch
765601052,Maria Carmen Larrea
809859193,Alex Armengol
223474294,Hernando Bermudez
930239062,Espiridion Toro
315745894,Isaias Macias
214756805,Perla Porta
186187203,Joan Hernandez
964790553,Judith Aramburu
654191759,Ester Borja
185515334,Azahar Rodrigo
964312278,Teo Escobar
749486231,Iris Villaverde
949601270,Ovidio Mendez
698825986,Ambar Fonseca
704896799,Mar Villar
297420354,Leandra Canales
725666591,Chucho Santamaria
924481850,Ernesto Abellan
101534818,Mayte Mascaro
790860114,Celestino Pizarro
585774542,Gilberto Giron
820767750,Hector Frias
039467841,Antonio Boix
266699478,Rafael Mateu
095227112,Elisabet Anton
272117444,Rosendo Antunez
001504400,Anacleto Aroca
191317611,Ainara Salinas
831658589,Carina Poza
243221772,Leoncio Julian
531935614,Matilde Pons
156043245,Angeles Zabaleta
526398308,Marisa Falco
903976622,Iris Romeu
586771495,Jose Angel Iriarte
400768587,Azucena Salgado
275727475,Leire Zapata
153007719,Azucena Ayuso
914495207,Sandalio Quiroga
341275547,Olegario Hoyos
152451165,Martina Mosquera
106167722,Bautista Carbajo
452642213,Febe Vina
276153152,Heraclio Galvez
472107888,Emperatriz Pena
210543103,Lupita Elias
231925447,Octavio Zabaleta
374662273,Francisco Ferrando
119229355,Cornelio Baez
261322445,Fortunato Salinas
915179743,Rodolfo Barral
164740607,Obdulia Cantero
292168782,Vilma Rivera
065459478,Maribel Arenas
422431562,Marciano Jaume
891229990,Sandra Rio
849912580,Sol Muniz
492500960,Toni Guillen
810066426,Amancio Montalban
293303145,Narciso Mayol
662879509,Beatriz Goni
864052083,Ligia Sales
415435333,Godofredo Pinedo
384118685,Gaston Colom
127582176,Maria Jesus Toledo
341694809,Augusto Quintero
629925205,Eutimio Calderon
485395417,Nerea Castejon
555630698,Mario Perez
353913654,Alfonso Bas
337449585,Fatima Valencia
996776098,Eufemia Montalban
648415948,Juanito Santamaria
839000471,Asuncion Aller
999415126,Yago Jauregui
550652470,Calixta Varela
707235310,Ricardo Salgado
804120046,Beatriz Lopez
650831830,Oriana Milla
543600129,Natalio Cozar
545903905,Matilde Pedrero
928159989,Clemente Dalmau
715545263,Heraclio Criado
649360936,Encarnacion Toro
324075758,Marisol Gilabert
396249832,Valentina Portero
746937327,Maria Belen Sarmiento
225399201,Edmundo Iniesta
056975931,Teodoro Robles
198335862,Ariel Blanco
366330846,Lidia Garrido
461015519,Lorenzo Cabanas
778836339,Olalla Cabanillas
939656462,Eleuterio Trillo
050609800,Balduino Ramirez
190819803,Dora Requena
887132671,Jose Manuel Gracia
920469779,Manuelita Rivero
465531443,Cristian Herrera
712184406,Ruben Flor
102983256,Enrique Vega
679202086,Paulino Bravo
188183865,Leonel Gual
546208226,Maribel Flor
217811225,Severino Gaya
726268056,Leon Lumbreras
288034834,Bartolome Vilanova
215634685,Clara Cortina
342273013,Ruy Puerta
951753990,Narcisa Cadenas
786872208,Walter Benavent
484690717,Lupe Solera
514939284,Gabriela Bertran
003610679,Hugo Caro
333800775,Evaristo Bello
155838993,Chelo Villa
821561206,Celia Anguita
447016344,Valeria Cano
027533165,Bibiana Beltran
781735955,Lina Amat
331632305,Nuria Pina
562727268,Eva Ortuno
178930771,Jordan Benitez
261682778,Herminia Miralles
279949608,Amilcar Gaya
647599812,Coral Armas
839532488,Juanita Espada
146556564,Adrian Galindo
510341341,Hernando Cuesta
438825422,Maria Angeles Morales
750575711,Paz Luque
097896304,Aranzazu Ferreras
890999647,Lalo Gisbert
216339936,Roxana Cardenas
643858915,Ruben Peiro
214038568,Pablo Camacho
684377299,Luciano Vinas
748229138,Itziar Caceres
998199974,Americo Nogueira
736580559,Socorro Salom
702128311,Regina Roman
113811819,Cebrian Agusti
253329676,Benito Espada
341576590,Gema Anton
533350910,Chus Gilabert
882159214,Leyre Rossello
421139833,Eleuterio Santamaria
658833539,Angelina Ayllon
498230713,Victor Manuel Manrique
044111399,Andres Milla
600498342,Debora Albero
873440594,Teresa Jara
458779638,Victor Nogues
865811747,Adelia Barreda
416565296,Yago Castells
038443171,Bernardita Torrens
438064464,Cesar Barco
794835133,Fabio Cortina
643547266,Vidal Rebollo
009421045,Alfredo Martinez
829147912,Miriam Mateos
244232558,Ivan Guitart
431876945,Chema Cabanillas
239055745,Clara Narvaez
102895301,Charo Calderon
110592049,Maria Angeles Lamas
465546530,Narcisa Roda
861993768,Nacio Gomez
319039110,Gregorio Huguet
185010440,Nidia Domenech
882010723,Silvia Moya
048469574,Baltasar Alemany
647799633,Irene Acuna
120502181,Dan Arevalo
097449928,Elba Pozuelo
447734986,Trinidad Sastre
810653356,Cesar Arroyo
595876360,Pepe Vara
464690738,Ricarda Luz
198616535,Nicanor Oliveras
391347242,Leoncio Arevalo
511477465,Cruz Esteve
354452431,Lupe Pomares
574945209,Manu Cardenas
715684777,Matias Mendoza
268525237,Ruben Dominguez
678046914,Rafael Pina
401147426,Jose Manuel Pardo
219224441,Maximiliano Canton
339520003,Sara Bustamante
089969726,Emilia Villalba
643669683,Lourdes Serna
014243119,Goyo Aragon
133791838,Abigail Cruz
608083895,Americo Catala
379645244,Juanita Puerta
904372028,Prudencia Gallart
203963706,Belen Casanova
139016431,Nicolas Guitart
349821796,Rosendo Duran
989788515,Maria Manuela Jover
899247723,Julian Estevez
004290745,Tania Camacho
045299746,Jose Luis Amat
938340825,Leocadia Vinas
814157287,Caridad Blanco
193634009,Paola Ojeda
336114152,Timoteo Cardona
383413973,Calisto Oliva
713757964,Gabino Acevedo
056458952,Nando Conesa
529013715,Rosario Giralt
980321567,Regulo Zamorano
993896529,Azahar Sales
777232152,Milagros Villalobos
074604708,Perla Suarez
828633810,Maria Del Carmen Paz
775923559,Francisco Javier Ramos
340049009,Jose Angel Villa
259390685,Tiburcio Puga
266500925,Gaston Sebastian
539813642,Amor Rius
699961630,Jessica Gallardo
099862670,Jose Angel Sole
655925497,Eric Villaverde
634095055,Conrado Fernandez
260441074,Leoncio Pazos
135122837,Beatriz Bueno
800521358,Paz Arana
755027185,Elias Reyes
938131926,Valero Hernandez
236203280,Horacio Bautista
273137056,Rebeca Carpio
615087469,Vasco Valcarcel
032973887,Teofila Valero
234997442,Jacinta Jara
748305667,Catalina Perera
758220693,Priscila Camino
593717436,Sebastian Aroca
680223710,Bruno Andrade
723500758,Renato Artigas
020273715,Iris Ropero
033370165,Teodora Bayo
481166815,Fernanda Lara
526840500,Albert Huguet
617269052,Delia Tejera
357958684,Yaiza Ruano
698057358,Natalio Barrio
389532761,Sofia Osuna
834593268,Dominga Marti
510703141,Clarisa Iniesta
861828173,Felix Milla
770614396,Godofredo Borrego
021217539,Trinidad Cozar
662913346,Luis Redondo
006898271,Miriam Bou
375855906,Roque Pinilla
488065306,Mohamed Enriquez
989340294,Porfirio Mora
815490142,Valerio Llorente
851129252,Juan Bautista alvarez
434423528,Chema Campo
662981967,Pepito Mata
963228133,Quique Marti
603134830,Severo Blasco
257334532,Eusebio Valencia
637805164,Clementina Batalla
548182562,Sol Codina
329602767,Apolonia Segui
357058244,Consuela Agusti
575204243,Teofila Vilanova
262369802,Ale Antunez
853981777,Carolina Rios
506937919,Cruz Lobato
267616404,Jenaro Cid
278181785,Adora Almagro
371269136,Maria Carmen Uriarte
512386040,Maria Fernanda Beltran
078457040,Manu Luna
212688377,Haroldo Guerrero
856191712,Nico Pedraza
034941972,Jordana Llorens
199595271,Maria Manuela Salva
531329607,Inmaculada Nevado
914906456,Geronimo Paniagua
720925043,Felix Blanco
954999034,Gustavo Abella
628725721,Serafina Serrano
106551567,Encarnacion Calatayud
261188339,Amador Cardona
192957282,Angela Torrents
590742430,Raquel Tovar
282976663,Pastora Bernat
458054571,Encarnacion Castaneda
034801894,Paloma Corral
256657299,Adrian Ferrandez
601554229,Ambrosio Herranz
901276436,Maria Donaire
232759910,Maria Pol
191819406,Amaro Vicente
326714461,Eusebia Viana
488349799,Nayara Chacon
398360373,Arcelia Vidal
988050429,Rosalina Bautista
186893956,Pia Sastre
757440755,Soraya Hervas
495260921,Arsenio Soria
144203547,Emigdio Cuevas
385692845,Teodora Rivas
136249873,Juanito Mendoza
510251134,Lucila Rosello
704517594,Marisa Folch
827218943,Macaria Olmo
408164995,Melisa Calvet
712411774,Angel Morcillo
785589975,Filomena Lobato
272164708,Nando Vazquez
779740712,Fulgencio Carnero
962119693,Nazaret Miguel
802553034,Esteban Cal
198338229,Ines Marco
223609716,Damian Arranz
956953558,Segismundo Saenz
150493331,Florina Lledo
849924308,Raul Santamaria
446390726,Juanito Mari
982255077,Graciano Benavente
608902874,Lupe Terron
585549578,Hernando Rubio
820345172,Tiburcio Vara
922022242,Inocencio Armas
124257430,Vidal Porta
118193638,Poncio Camacho
141123380,Flora Torrents
271847522,Florencio Iglesia
155631432,Casandra Urena
119649849,Luisina Urrutia
262083821,Ester Redondo
238540963,Luis Morell
007663695,Erasmo Ricart
132623173,Godofredo Portillo
024784835,Emma Riera
678494220,Marcela Company
822072305,Haroldo Valentin
893084414,Leire Puig
534452016,Vito Giralt
058051409,Leandra Aguirre
309419244,Lucia Camara
319198417,Toribio Morera
430413693,Marcio Pedrero
766494045,Maria Teresa Escriva
260072383,Vinicio Suarez
317015056,Luisa Calvo
659625368,Samuel Font
542983216,Gerardo Suarez
572817936,Samuel Perez
218847869,Marcio Chamorro
999508923,Jonatan Ropero
445185098,Luis Solsona
680598898,Miriam Pintor
108952557,Quirino Castells
615930501,Angelita Pedraza
161814286,Evaristo Revilla
237587474,Victor Almagro
646595077,Flavia Espanol
956100433,Esperanza Coll
060085388,Herminia Catala
147643220,Raul Perello
608327025,Nico Rueda
260096473,Irma Ayllon
115101824,Ernesto Saez
634824763,Leonor Valcarcel
235401780,Alberto Boix
828853004,Amor Suarez
172092344,Ismael Saez
199785975,Maximiliano Fabregas
929536565,Fabiola Pelaez
319077464,Sebastian Rueda
869317147,Fito Diaz
127409262,Celso Mayo
793993819,Ruy Riquelme
923196979,Martina Mur
198317773,Adalberto Higueras
702028187,Clotilde Moll
695313720,Maria Manuela Gonzalez
211084830,Luis Arteaga
068714507,Marcial Andrade
707684094,Jose Miguel Patino
955299190,Marina Pozuelo
410786954,Alex Paez
088335780,Albert Aviles
513090731,Nico Diego
061791562,Martirio Escobar
095793504,Efrain Coloma
594192949,Fabiana Aguilo
200996654,Maria Del Carmen Sainz
528616736,Ramona Valderrama
902785153,Anselmo Marco
835086878,Ariadna Planas
747309468,Humberto Roman
487313883,Macaria Pera
796599816,Emilia Jurado
452724209,Leopoldo Pinedo
437549529,Alberto Acuna
425382390,Isidora Gimeno
914018009,Manu Baron
279934894,Goyo Tolosa
169379839,Jose Manuel Alfaro
502750881,Baudelio Llano
585978207,Tatiana Martin
795881182,Etelvina Iriarte
470852287,Fanny Franch
233048760,Fatima Vilalta
623378487,Zaida Alegria
420938270,Nicolasa Paz
416586495,Cruz Aguila
505105283,Nacho Merino
075672781,Jose Narvaez
724125148,Aristides Alcantara
180355282,Marcia Pina
962359702,Ramon Requena
482416181,Crescencia Echevarria
701285964,Feliciano Varela
072460986,Candelario Domenech
634683017,Panfilo Gallo
673828166,Mateo Padilla
106859628,Fito Lerma
225268555,Ruy Criado
733929348,Augusto Pont
288587672,Buenaventura Mas
897276916,Estrella Chamorro
386913549,Felicidad Pla
269073494,Efrain Fuertes
896172882,Ulises Ramirez
293247672,Aurelio Pelayo
207922443,Ovidio Vendrell
711754245,Agueda Blazquez
432735600,Javi Reig
064811893,Fermin Mur
827514927,Ignacia Calvet
736780902,Flora Riquelme
030408058,Guillermo Salmeron
442090891,Telmo Peral
795741399,Candela Penas
682386301,Cleto Figueras
575243580,Felipa Soto
619287435,Trinidad Casado
854973979,Haroldo Valero
893725313,Reyes Sastre
786343612,Maura Banos
153945306,Fortunato Luna
916588042,Andres Vergara
230705721,Cristian Escalona
292943824,Godofredo Adan
595135983,Jose Luis Llopis
048113700,Encarnacion Penalver
071512030,Socorro Elias
008036020,Leandra Esteve
910705132,Gervasio Bustos
228826331,Calixta Cervantes
868709013,Baldomero Aleman
099475665,Jose Anton
018748994,Isidro Carranza
239376996,Josue Guitart
221170517,Ciro Ramirez
651595631,Salome Diez
735407600,Reyes Ayllon
578381431,Albina Amoros
739563033,Amarilis Tirado
078868840,Calixto Blasco
796490746,Begona Valbuena
301905258,Lupita Marin
004247539,Roberta Gonzalez
269603608,Maricruz Gomis
529755172,Espiridion Marti
068637810,Sosimo Cozar
711310812,Cruz Arenas
230593751,Aitana Saura
316025430,Dimas Moraleda
499755735,Isabela Nebot
289056523,Lara Almansa
286100132,Concepcion Varela
793917147,Odalis Huguet
388877815,Conrado Marmol
100447378,Esther Franch
245125861,Monica Fabregas
931030795,Ruben Tome
206208561,Porfirio Rodriguez
986131414,Leoncio Farre
343594391,Bernarda Sanmartin
009035532,Soledad Sole
341462229,Maricela Delgado
410559302,Julia Tamarit
732939260,Clara Cepeda
107027312,Tiburcio Villa
424478005,Sebastian Barral
049552151,Martin Ariza
440557858,Felix Gonzalo
673096289,Raimundo Muniz
946280242,Marta Pulido
078978595,Yolanda Sosa
430944595,Agueda Feliu
408507005,Rafael Baeza
984034640,Nando Goicoechea
103312190,Tania Suarez
875478095,Ester Tamarit
238062458,Godofredo Gimenez
843072516,Cristian Benet
104589541,Camilo Gomis
071515506,Carmelo Llobet
777785902,Edu Cid
784521410,Eliseo Jerez
044602964,Cebrian Lago
355073840,Climaco Barral
068293019,Leandra Somoza
517718154,Duilio Crespo
650273042,Francisco Javier Cid
919669223,Candida Plana
511554215,Anselmo Roldan
660918184,Leopoldo Amador
717414225,Jessica Pont
448679734,Rodolfo Zapata
435574393,Isaura Echevarria
928348676,Leire Franco
399582158,Barbara Nino
987848361,Elba Gibert
138373328,Ofelia Rosa
219035767,Lino Estevez
416597699,Carolina Calzada
588696122,Leire Hurtado
937596480,Aristides Alarcon
843341156,Benigna Aznar
405499721,Leonardo Zamora
583885267,Hector Almeida
407925908,Ariadna Comas
650221673,Nydia Alcalde
088877010,Elpidio Bayona
618757113,Eulalia Banos
168051992,Celso Macias
096611698,Paloma Vives
937295440,Alcides Berenguer
958551922,Javiera Losa
632598794,Chuy Estevez
271958143,Aranzazu Barbera
094943939,Duilio Cases
248599305,Leticia Rueda
165157967,Horacio Arce
966541443,Sergio Pazos
429425377,Manuela Iniguez
145058053,Jovita Porras
664159757,Celia Guzman
265317767,Aureliano Llado
398027080,Joel Arce
830287340,Pia Mendez
084216761,Rosaura Casals
916805084,Melchor Farre
973973547,Vicenta Giner
422591159,Onofre Benitez
623505181,Ignacio Nicolas
841415701,Teodosio Domingo
215292799,Eulalia Contreras
435720553,Alejandro Reig
017902188,Pascuala Segui
866211008,Isidora Gallardo
802749556,Dulce Montserrat
028504866,Georgina Mateu
534892406,Ingrid Diez
256750988,Victor Neira
743693828,Marciano Cuesta
278886012,Florina Gimeno
444430987,Climaco Andres
362580139,Cruz Arnal
347312167,Gertrudis Ponce
164140835,Encarnita Alcala
115800654,Eulalia Gomila
817954689,Herminia Tomas
386849795,Cristian Garcia
156396000,Pascual Acedo
162036554,Rufina Galan
310259828,Galo Valero
316502962,Benjamin Gallart
075350870,Pepe Lucena
692578356,Pastora Herrero
453507758,Natividad Galiano
125412190,Reyes Roig
976337850,Charo Elias
753770182,Maria Dolores Abad
628567450,Amado Aragon
411812186,Chita Losa
672753921,Evangelina Blanch
662732912,Pascuala Rueda
793299645,Teresa Castells
461846711,Paca Andres
933021536,Sabina Marin
932853023,Jafet Murcia
344244359,Angelica Mendizabal
799482425,Noa Alvarez
631092181,Amelia Tudela
329505737,Milagros Gutierrez
473935467,Albano Aguirre
698686217,Jacinto Corral
041666960,Paula Calleja
234809000,Miguel Alvarado
741133015,Bartolome Portillo
660804603,Miguela Contreras
097222686,Elisa Rivera
856773105,Victor Camara
680062116,Andres Felipe Gascon
031266720,Vilma Calvo
179132417,Rafa Piquer
693031159,Jaime Francisco
216356748,Eli Yanez
080500197,Roxana Corral
668729000,Telmo Esparza
517877445,Sofia Jove
364495611,Pablo Ugarte
180747796,Jenny Espinosa
717287190,Cloe Pallares
477781583,Julia Abella
926591545,Leocadia Agudo
335460605,Celia Reina
219328663,Emigdio Minguez
955642460,Celso Amaya
612252577,Lino Vicente
843955553,Monica Gamez
561058826,Salud Tovar
051475832,Teofila Morillo
839286238,Inigo Galan
101311499,Priscila Sotelo
909384242,Ariel Sala
149919500,Abigail Azorin
484319828,Federico Solis
632347907,Asdrubal Fajardo
575276012,Ileana Nadal
932051240,Chucho Cuevas
067808851,Gaspar Gordillo
177430741,Eduardo Cervera
633911151,Alba Pinol
573123734,Dan Blasco
621358568,Roque Alemany
441314980,Xiomara Torre
351216053,Florencia Montoya
455913053,Luciana Aznar
283621747,Edmundo Roura
863485206,Virginia Cozar
396340055,Eleuterio Lara
911537871,Blas Fiol
283177213,Ruperta Sacristan
070795651,Jesusa Ramirez
327881943,Consuelo Bolanos
371685428,Elias Lerma
190575391,Ramon Roda
030223193,Carmen Tomas
244968161,Porfirio Cantero
795776823,Nazaret Segarra
052683554,German Iriarte
997583627,Tadeo Palma
008486171,Cosme Rey
974839491,Irma Pomares
452002530,Marcia Pla
547091414,Marina Mendez
282890534,Graciela Romero
324954692,Macarena Paniagua
336308528,Raimundo Ferrero
975976928,Isabela Figueroa
783847326,Octavio Ortuno
010127509,Aurea Gallardo
951249344,Manuela Mariscal
381039299,Nerea Narvaez
181627113,Victor Pombo
259483746,Albino Valcarcel
898068223,Roldan Malo
533016098,Marc Toledo
761740491,Sebastian Mariscal
618825925,Marianela Rodriguez
370747925,Malena Hoz
832941795,Epifanio Pavon
240408693,Fulgencio Llanos
258373215,Lina Arroyo
773773364,Ismael Martinez
370269285,Plinio Vergara
165514029,Fabiana Pedro
723512003,Jose Maria Calvo
213123525,Carmelita Gimenez
916665908,Eligia Cerezo
157051469,Agata Rovira
287708160,Alejandro Aviles
224733921,Eliana Jimenez
956256800,Patricia Lobo
016238531,Dolores Losada
146246048,Genoveva Torralba
788208068,Fernando Rosello
532431830,Moises Cal
149271965,Trini Anguita
354115460,Hilda Macias
355167306,Soledad Izquierdo
803278690,Primitiva Girona
221195708,Primitiva Manzano
947606278,Jeronimo Amaya
872301219,Hilario Carbo
868897364,Pastora Escriva
494958495,Rita Herrero
157405736,Bernarda Merino
140152314,Belen Villalonga
587471417,Aurelio Franch
359662793,Cesar Alamo
997093383,Valentina Ocana
203675701,Gervasio Arnal
034956914,Marco Aroca
425929838,Encarna Godoy
769424557,Merche Gallardo
393466216,Santos Palmer
997274694,Teo Fuster
316937449,Jose Antonio Vaquero
467879767,Nazario Puente
639248404,Genoveva Huguet
272199052,Tecla Moreno
674435868,Azeneth Pedraza
363236115,Miguel Valcarcel
270911999,Martina Andres
908928948,Sigfrido Garrido
658070136,Evaristo Herranz
265057122,Esmeralda Colomer
638343514,Guiomar Zorrilla
525335634,Guiomar Armengol
074682998,Francisco Javier Verdu
410095055,Conrado Martinez
495865446,Octavia Nino
360469368,Celestino Barranco
650102893,Flavio Riera
032606382,Cruz Sacristan
199476944,Marcelino Osuna
356040014,Francisca Solsona
721119555,Jafet Valbuena
641387347,Rafaela Rincon
064936333,Adora Piquer
929552579,Reina Losa
946092013,Marcos Casanova
477191362,Eustaquio Blanco
902675690,Estela Pallares
362685337,Brigida Mena
351942762,Matilde Benet
543224331,Fito Castellanos
879488103,Amparo Pedrosa
493237346,Fanny Canals
340255704,Leire Portero
632543406,Roldan Plaza
601877759,Eugenio Martinez
907381958,Carmela Hernandez
981059542,Sonia Marmol
394758179,Gaston Acosta
634508328,Francisco Jose Arrieta
361616918,Geraldo Canizares
355894422,Daniela Zamorano
636991129,Luciano Aroca
889496339,Brunilda Jaume
751532763,Apolinar Sedano
777494178,Primitiva Coca
428267434,Obdulia Ferrandez
060006788,Nico Menendez
856729196,Eligio Paz
314272771,Maria Cristina Noguera
233086445,Guiomar Vinas
070901921,Salome Llabres
364263094,Isaac Goni
458871999,Lupita Calleja
985255667,Aristides Bueno
518318047,Octavio Acosta
758297740,Fortunata Boix
222555886,Nazario Garate
029643518,Martina Garriga
769386664,Atilio Jara
488758993,Maria Jesus Nieto
995648281,Griselda Espada
131886665,Isidro Aller
318351705,Tere Almeida
833357612,Gema Carmona
724181211,Benito Agullo
759414457,Eugenia Alcaraz
295476547,Custodia Blasco
159235773,Leandra Castillo
861727071,Ignacia Cerro
623572397,Octavia Bayon
855445413,Baltasar Sanz
585905432,Efrain Aguilar
869867880,Xiomara Chaparro
253547749,Nicolas Fernandez
671680615,Victoriano Clavero
714122957,Aurora Suarez
421889577,Soraya Lago
973951021,Jesus Soriano
035257049,Luis Cisneros
832791175,Juan Quesada
865348200,Ariadna Nieto
085004018,Edu Figueroa
453834494,Carmelita Sans
650574596,Pepita Neira
418146069,Leticia Uria
370087354,Irene Jimenez
904832071,Jacobo Pina
982593867,Santos Sala
140936087,Paulina Pou
490337483,Miriam Tomas
472402495,Victor Manuel Corral
555487327,Jose Antonio Andrade
815971186,Sarita Ortuno
827785908,Natalia Saavedra
293482415,Emelina Lucas
559271283,Eliana Gomez
905457908,Candelario Cases
730503695,Gabino Bastida
199429335,Aroa Vall
965098304,Elias Coll
083384381,Griselda Amat
083349927,Candelario Ribas
481428942,Cruz Azcona
019522960,Cirino Villaverde
028186464,Bartolome Calatayud
985906703,Ingrid Chamorro
254797407,Adoracion Bru
555039739,Clementina Murcia
093604346,Ana Belen Larranaga
337220745,Iban Robledo
838269208,Judith Gibert
744902079,Chema Pina
746882995,Elisa Herranz
156081353,Gertrudis Martin
627990226,Fito Calderon
581910224,Horacio Lamas
112507001,Ramona Pallares
091401552,Francisca Jordan
180175854,Luz Pina
545234520,Jose Luis Alberto
780939559,Ana Belen Casares
934347115,Georgina Requena
184074438,Fabiola Robledo
867209285,Ana Sofia Francisco
628741077,Maura Riquelme
087227118,Marcelo Roldan
733940632,Lorena Egea
576915155,Florinda Mayoral
293863276,Godofredo Llorente
876405349,Ivan Benitez
206371450,Teofila Camacho
099277274,Iker Saldana
122429583,Luciano Segui
912239135,German Bernal
697293073,Raul Gonzalez
556594489,Tomas Montesinos
619329495,Leonel Morell
912575446,Noemi Salinas
743168587,Gilberto Quesada
717297909,Mauricio Vina
025740017,Eufemia Leon
526537318,Aristides Gomis
058320229,Benigno Manso
792038718,Irma Cuevas
892910415,Itziar Bou
726243620,Severiano Morell
119449452,Teo Mate
321317727,Joaquin Miranda
899029071,Imelda Paniagua
226918641,Pancho Benavent
482064245,Dionisia Robledo
426382965,Ciriaco Gascon
249265356,Juanito Vallejo
579599604,Serafina Narvaez
054683733,Rosario Izquierdo
858597573,Gervasio Aguirre
400856372,Felipe Pedrero
516394477,Julia Asenjo
627820979,Aaron Moreno
145190916,Victoriano Villena
966898613,Leon Cabanillas
937323467,Jose Angel Sarmiento
270743510,Gloria Alfaro
872934520,Eusebio Morante
638795609,Leopoldo Juarez
543067293,Agapito Jorda
187751283,Adelia Navarrete
779295981,Purificacion Amo
890073003,Aurea Guardia
122597397,Elvira Esteban
069063175,Chuy Tolosa
210137208,Corona Prada
311657108,Valero Nicolas
588343628,Esteban Castilla
689213147,Ramiro Arenas
355847401,Maite Vidal
514932705,Rico Ramirez
