id,sender,receiver,amount,conducted_on,notes
1,Wilderman LLC,Val Verde,665410,2024-08-29 23:29:42,
2,Cormier-Mraz,Val Verde,890325,2024-05-11 04:20:24,
3,Ziemann Group,Val Verde,554621,2025-01-09 02:13:09,
4,Quitzon Inc,Val Verde,429946,2025-03-15 15:18:06,
5,"Weber, Purdy and Price",Val Verde,973082,2024-07-05 05:55:40,
6,"Denesik, Tillman and Murazik",Val Verde,960655,2024-05-18 03:19:17,
7,"Schultz, Kerluke and Sporer",Val Verde,404501,2025-01-28 09:46:25,
8,Gerhold Inc,Val Verde,577023,2025-02-19 20:51:03,
9,Moen-Ziemann,Val Verde,148703,2024-05-03 14:56:29,
10,Haley and Sons,Val Verde,235539,2024-12-07 01:29:57,
11,Wyman-Bode,Val Verde,810774,2024-10-26 21:11:30,
12,"Schamberger, Funk and Prohaska",Val Verde,634796,2025-05-23 16:01:14,
13,"Padberg, Johnston and Reichert",Val Verde,593414,2024-08-25 00:05:05,
14,Hoppe-Marvin,Val Verde,300289,2025-02-10 11:59:47,
15,Homenick and Sons,Val Verde,227156,2024-01-09 08:30:53,
16,Williamson Inc,Val Verde,212603,2025-01-24 08:14:26,
17,"Aufderhar, Halvorson and Steuber",Val Verde,486760,2024-06-21 22:01:35,
18,Cummings-Blick,Val Verde,510676,2024-10-07 22:41:36,
19,Towne-Predovic,Val Verde,704608,2024-04-26 17:50:13,
20,"McClure, Leuschke and Kunze",Val Verde,618432,2024-10-19 23:30:33,
21,"Lindgren, Thompson and Carter",Val Verde,672640,2024-12-11 05:21:55,
22,Watsica Group,Val Verde,540465,2024-12-16 19:50:32,
23,Nitzsche Group,Val Verde,728053,2024-12-08 00:23:58,
24,Bergnaum Inc,Val Verde,531957,2025-02-08 16:36:49,
25,Pagac-Padberg,Val Verde,953895,2024-09-14 23:46:21,
26,"Skiles, Lakin and Dooley",Val Verde,506071,2024-09-30 12:50:09,
27,Reynolds Group,Val Verde,382080,2024-12-31 07:58:30,
28,Dickinson Inc,Val Verde,326302,2025-02-14 20:23:05,
29,"Effertz, Roberts and Fahey",Val Verde,199301,2025-02-08 00:51:42,
30,"Kuhn, Pfannerstill and Gulgowski",Val Verde,388723,2025-03-19 08:07:28,
31,"Lowe, Mann and Schmitt",Val Verde,330572,2024-10-19 17:56:36,
32,Deckow-Strosin,Val Verde,740739,2024-09-11 09:02:58,
33,Harvey Group,Val Verde,212041,2024-04-18 06:57:59,
34,"Stamm, Koss and Wisoky",Val Verde,163572,2025-01-11 09:12:51,
35,Dare-Johnson,Val Verde,582845,2025-04-24 05:11:37,
36,"Windler, Leffler and Lynch",Val Verde,330617,2024-08-16 14:30:35,
37,Haley LLC,Val Verde,541813,2024-05-27 06:35:35,
38,Beer-Quigley,Val Verde,572164,2024-07-27 21:40:57,
39,Botsford LLC,Val Verde,360136,2024-02-14 03:27:35,
40,"Veum, Crooks and Rippin",Val Verde,313234,2024-08-08 07:42:49,
41,"Stoltenberg, D'Amore and Wuckert",Val Verde,597537,2024-11-07 15:08:45,
42,D'Amore LLC,Val Verde,441011,2024-01-01 06:05:36,
43,Jerde-Trantow,Val Verde,777703,2024-06-05 07:54:45,
44,Bauch and Sons,Val Verde,666383,2025-03-28 20:35:57,
45,Ratke-Mante,Val Verde,167747,2025-05-10 20:30:54,
46,"Bins, Aufderhar and Rowe",Val Verde,906126,2025-04-17 14:37:10,
47,Murphy-Graham,Val Verde,101601,2024-01-22 21:47:52,
48,Hudson-Moore,Val Verde,790434,2025-03-11 18:02:50,
49,Emard-Harris,Val Verde,605079,2024-11-10 23:21:04,
50,Schuster-Langosh,Val Verde,348587,2024-05-16 01:28:07,
51,"Kunze, Watsica and Collins",Val Verde,733995,2024-09-29 19:09:58,
52,Rutherford LLC,Val Verde,949925,2025-01-26 00:20:00,
53,Romaguera-Hammes,Val Verde,892900,2024-10-08 14:59:01,
54,Huels-Doyle,Val Verde,491968,2024-12-22 03:53:30,
55,"Flatley, Schaefer and Parisian",Val Verde,333836,2025-01-11 06:35:44,
56,Muller-O'Hara,Val Verde,828699,2025-04-12 22:28:38,
57,Hessel Group,Val Verde,468710,2024-04-05 15:53:43,
58,"Quigley, Bergnaum and Jerde",Val Verde,716798,2024-08-26 00:52:42,
59,Zemlak-Heaney,Val Verde,844762,2025-05-04 12:44:53,
60,"Pagac, Lakin and Jakubowski",Val Verde,666182,2025-05-07 07:13:24,
61,Kemmer-Lind,Val Verde,412471,2024-09-13 01:36:05,
62,Ortiz-Orn,Val Verde,424519,2024-06-01 11:09:44,
63,"Ebert, Leannon and Adams",Val Verde,367091,2024-06-14 19:30:38,
64,Adams-Terry,Val Verde,808127,2024-07-03 22:48:53,
65,Bernhard-Denesik,Val Verde,668817,2024-04-14 20:02:57,
66,Reinger Inc,Val Verde,849472,2024-04-12 15:26:23,
67,Kutch-Pouros,Val Verde,340504,2024-09-09 19:08:53,
68,Monahan-Kunde,Val Verde,451240,2025-04-23 23:54:37,
69,Keeling LLC,Val Verde,705060,2025-03-04 20:05:31,
70,"Lang, Sporer and Frami",Val Verde,906244,2024-02-08 16:52:02,
71,Cole and Sons,Val Verde,324180,2024-05-28 10:25:06,
72,"Herzog, VonRueden and Parker",Val Verde,358573,2024-01-10 13:40:41,
73,Hahn-Schimmel,Val Verde,293694,2024-07-06 21:23:32,
74,Rau LLC,Val Verde,796396,2025-02-18 23:43:43,
75,Kling-Bailey,Val Verde,943782,2024-07-14 15:09:08,
76,Jones Inc,Val Verde,112645,2024-01-08 20:15:07,
77,Pfannerstill Inc,Val Verde,221947,2025-01-19 01:53:31,
78,Hane Inc,Val Verde,155360,2024-12-09 22:50:45,
79,"Abernathy, Gislason and Lang",Val Verde,742814,2024-06-10 12:38:43,
80,King-Boyle,Val Verde,574977,2025-03-10 16:40:02,
81,Mann-Kohler,Val Verde,344233,2025-03-26 03:52:02,
82,Emmerich-Paucek,Val Verde,184124,2024-02-19 02:47:29,
83,Stamm Group,Val Verde,142563,2024-02-24 13:00:04,
84,Gusikowski LLC,Val Verde,876181,2024-03-30 17:39:11,
85,"Kshlerin, Baumbach and Schumm",Val Verde,685615,2024-04-30 06:23:40,
86,Wolff-McCullough,Val Verde,561219,2025-02-03 16:46:08,
87,Paucek-Douglas,Val Verde,799742,2024-10-12 03:10:33,
88,"Schamberger, Thiel and Murphy",Val Verde,598471,2025-03-26 20:17:47,
89,Bailey and Sons,Val Verde,148259,2025-03-11 05:37:54,
90,Mertz-Schmeler,Val Verde,863362,2024-12-13 02:57:06,
91,"Berge, Quitzon and Stanton",Val Verde,377601,2025-05-14 15:20:05,
92,Kunde-Powlowski,Val Verde,568343,2025-04-24 20:53:02,
93,Gutkowski and Sons,Val Verde,563184,2025-04-09 21:40:07,
94,Tremblay-Douglas,Val Verde,543396,2024-08-15 02:27:17,
95,Swaniawski-Casper,Val Verde,401045,2024-03-26 10:44:12,
96,"Bruen, Jacobi and Leuschke",Val Verde,303662,2025-05-20 01:10:44,
97,"Blick, Pouros and Wiza",Val Verde,556461,2024-05-19 00:39:59,
98,Murray-Prohaska,Val Verde,211084,2025-02-02 08:14:49,
99,Jacobs-Mertz,Val Verde,913386,2024-10-20 23:44:37,
100,Dicki and Sons,Val Verde,285852,2024-05-07 10:24:20,
101,"Yundt, Dickens and Skiles",Val Verde,905614,2024-05-25 07:47:01,
102,"Wunsch, Towne and Balistreri",Val Verde,739841,2024-09-28 05:50:47,
103,"Pollich, Predovic and Mohr",Val Verde,470481,2024-02-09 23:13:23,
104,"Sawayn, McDermott and Welch",Val Verde,763905,2024-10-20 11:04:27,
105,Konopelski Group,Val Verde,743020,2024-11-21 16:28:29,
106,Wisoky Inc,Val Verde,377006,2025-03-27 18:46:06,
107,"Barton, Baumbach and Tromp",Val Verde,317638,2025-02-11 23:15:51,
108,Goldner and Sons,Val Verde,406366,2024-03-04 11:13:52,
109,Reinger-Feil,Val Verde,349103,2024-11-17 12:56:58,
110,Boyle-Champlin,Val Verde,470886,2024-08-02 12:42:59,
111,Baumbach-Nitzsche,Val Verde,478179,2025-03-11 09:12:53,
112,Bayer-Kreiger,Val Verde,393311,2024-10-05 16:40:29,
113,Boyer and Sons,Val Verde,605709,2025-02-07 14:06:31,
114,"Schneider, VonRueden and Lang",Val Verde,903858,2025-01-31 14:02:06,
115,Pollich-Huel,Val Verde,100866,2025-03-04 03:06:12,
116,"Little, Little and Sawayn",Val Verde,215342,2024-04-02 14:38:43,
117,"Becker, Gleichner and Weber",Val Verde,905245,2024-12-29 12:23:49,
118,Dare-Rau,Val Verde,108018,2024-05-26 06:42:16,
119,"Hermann, Boehm and Lindgren",Val Verde,910311,2024-03-20 18:00:32,
120,"Will, Hudson and Fisher",Val Verde,139821,2024-11-25 09:13:58,
121,"Rogahn, Brown and Borer",Val Verde,519704,2024-12-15 07:11:51,
122,Feeney Group,Val Verde,899092,2024-03-10 10:43:21,
123,Bins LLC,Val Verde,117509,2024-04-26 23:03:22,
124,McLaughlin Group,Val Verde,267838,2024-11-11 14:36:05,
125,Dach LLC,Val Verde,784994,2025-01-11 06:46:18,
126,Wyman-Monahan,Val Verde,111252,2025-01-27 02:53:28,
127,"Fahey, Wuckert and Kuhlman",Val Verde,568616,2024-11-17 06:26:51,
128,"Kris, Luettgen and Medhurst",Val Verde,918049,2024-09-18 19:17:41,
129,"Wisoky, VonRueden and Thompson",Val Verde,627578,2024-01-28 05:44:01,
130,"Connelly, Kuvalis and Zieme",Val Verde,978885,2024-05-11 05:39:48,
131,Mosciski LLC,Val Verde,249273,2024-08-31 03:01:36,
132,"White, Orn and Rempel",Val Verde,768804,2024-10-07 16:36:34,
133,Grimes-Monahan,Val Verde,317926,2024-08-14 00:40:43,
134,Goyette LLC,Val Verde,662356,2024-10-08 00:34:16,
135,Wehner Group,Val Verde,387381,2024-09-04 19:50:49,
136,"Feil, Runolfsson and Volkman",Val Verde,317770,2024-07-05 07:33:35,
137,"Green, Goldner and Morissette",Val Verde,678100,2024-03-20 07:54:45,
138,Upton Inc,Val Verde,593472,2024-03-22 06:51:57,
139,Miller LLC,Val Verde,799100,2025-02-28 20:12:33,
140,"Schamberger, Quitzon and Mraz",Val Verde,765593,2024-10-29 19:40:54,
141,"Blanda, Grant and Stracke",Val Verde,888900,2024-08-21 12:20:17,
142,Stark Group,Val Verde,417128,2024-06-30 22:58:36,
143,"Schiller, Runolfsson and Swaniawski",Val Verde,592905,2024-01-02 08:39:39,
144,Hudson-Kunde,Val Verde,718864,2024-08-11 22:30:11,
145,"Dickinson, Kuhlman and Gislason",Val Verde,643442,2024-12-19 18:58:58,
146,Hackett and Sons,Val Verde,199519,2024-07-29 12:06:54,
147,Ritchie-Hills,Val Verde,964139,2024-05-19 17:12:32,
148,"Terry, Dare and Keeling",Val Verde,249611,2024-10-10 02:19:00,
149,Pagac-Stark,Val Verde,552571,2024-06-21 11:29:00,
150,Schaefer Group,Val Verde,102473,2025-01-23 13:39:08,
151,Walsh and Sons,Val Verde,557599,2024-09-13 21:19:35,
152,Towne-Quigley,Val Verde,171474,2024-05-24 17:54:49,
153,Braun-Kerluke,Val Verde,109355,2024-07-05 12:19:18,
154,Gulgowski Group,Val Verde,112300,2024-10-29 13:44:24,
155,"Quitzon, Hyatt and Feil",Val Verde,222126,2024-09-08 04:48:16,
156,Wehner-Hudson,Val Verde,963390,2025-02-21 11:49:18,
157,Gutmann Group,Val Verde,871429,2025-02-21 22:27:08,
158,"Bogisich, Cole and Daniel",Val Verde,850456,2024-09-02 19:12:50,
159,Morar LLC,Val Verde,943411,2025-05-09 06:17:03,
160,"Gulgowski, Labadie and Volkman",Val Verde,410772,2024-07-26 13:07:04,
161,"Hoppe, Gulgowski and Bednar",Val Verde,252538,2025-02-03 15:08:29,
162,"Heathcote, Wilderman and Yost",Val Verde,893086,2025-02-15 06:04:24,
163,Osinski-Botsford,Val Verde,902158,2025-01-24 00:16:01,
164,Mraz-Schinner,Val Verde,453855,2024-05-20 11:06:04,
165,Hahn-Kunze,Val Verde,828812,2025-03-13 13:27:40,
166,"Collins, Haley and Hodkiewicz",Val Verde,488103,2025-01-06 16:29:56,
167,"Fadel, Blick and Hessel",Val Verde,984661,2025-03-28 15:58:17,
168,Emard Inc,Val Verde,214102,2024-07-26 02:47:16,
169,"Schuppe, Johnston and Runte",Val Verde,595591,2024-06-30 05:19:33,
170,"Bernier, Zieme and Wilderman",Val Verde,341018,2024-09-11 22:17:31,
171,"Morissette, Ziemann and Haley",Val Verde,821849,2024-09-17 01:08:08,
172,Marquardt Group,Val Verde,745991,2024-04-09 12:19:18,
173,Baumbach and Sons,Val Verde,585562,2025-01-11 00:32:49,
174,"Legros, Borer and Hudson",Val Verde,449667,2024-07-11 02:04:30,
175,Gerlach-Dicki,Val Verde,218977,2024-05-20 13:36:00,
176,"Waters, Considine and Farrell",Val Verde,876583,2024-02-16 08:09:42,
177,"Legros, Gusikowski and Gutkowski",Val Verde,102021,2024-05-09 16:42:38,
178,Sauer-Sporer,Val Verde,531642,2024-04-28 19:03:29,
179,Jaskolski-Schowalter,Val Verde,804262,2025-01-01 20:57:06,
180,"Nolan, Flatley and Greenholt",Val Verde,774871,2024-08-22 09:49:07,
181,Pollich-Hand,Val Verde,823503,2025-02-19 22:21:01,
182,Schuster-Conn,Val Verde,345034,2024-12-16 13:51:44,
183,"Rohan, Fay and Donnelly",Val Verde,376025,2024-11-20 01:35:52,
184,Johnson-Langosh,Val Verde,701385,2024-06-29 09:41:10,
185,Fisher and Sons,Val Verde,300635,2024-08-27 00:57:36,
186,"Torphy, Wilkinson and Conn",Val Verde,753563,2025-02-10 13:54:54,
187,Renner and Sons,Val Verde,782829,2024-09-05 12:14:03,
188,Mante Inc,Val Verde,962219,2025-03-24 00:47:09,
189,Hessel Group,Val Verde,822089,2025-05-24 08:40:23,
190,Goodwin Inc,Val Verde,807862,2024-09-01 22:38:11,
191,Beier-Koepp,Val Verde,559570,2025-04-06 14:32:25,
192,"Larson, Lehner and Brakus",Val Verde,180283,2025-05-07 02:56:58,
193,Ward and Sons,Val Verde,938432,2024-09-28 20:30:26,
194,"Kautzer, Nikolaus and Steuber",Val Verde,342286,2024-04-19 06:45:37,
195,Pacocha-Corkery,Val Verde,548779,2025-01-28 12:56:32,
196,Wunsch Inc,Val Verde,899770,2024-12-04 01:07:01,
197,Quitzon-Heller,Val Verde,941484,2024-08-21 00:27:19,
198,Wintheiser Inc,Val Verde,809980,2024-02-09 08:19:30,
199,"Watsica, Medhurst and Rohan",Val Verde,291318,2024-11-20 08:38:53,
200,Quitzon Group,Val Verde,947401,2024-02-15 12:43:28,
201,Barton Group,Val Verde,294026,2024-04-24 13:35:39,
202,Gibson-Veum,Val Verde,604550,2024-10-22 17:06:18,
203,Hackett-Orn,Val Verde,344003,2025-03-04 07:41:48,
204,Schulist-Padberg,Val Verde,378952,2024-01-03 21:08:02,
205,Hoppe Inc,Val Verde,739571,2025-04-27 20:57:05,
206,"Turner, Fadel and Heller",Val Verde,384373,2024-02-21 01:40:36,
207,Rutherford-Bogan,Val Verde,384935,2025-04-02 19:35:54,
208,Abernathy-Veum,Val Verde,287495,2024-05-10 06:23:07,
209,Rempel Inc,Val Verde,512651,2025-01-19 09:40:18,
210,Larson LLC,Val Verde,974171,2024-11-23 16:42:06,
211,Carter LLC,Val Verde,330976,2024-07-15 04:18:54,
212,Schowalter-Hagenes,Val Verde,801904,2025-01-12 15:47:04,
213,Wolf-White,Val Verde,578220,2024-09-26 03:33:09,
214,Toy-Johnson,Val Verde,575566,2024-10-01 12:26:00,
215,Zulauf Inc,Val Verde,901937,2025-05-11 10:39:30,
216,Reichert LLC,Val Verde,963469,2024-03-14 21:43:38,
217,"Dicki, Stamm and Kihn",Val Verde,911665,2025-03-05 00:53:37,
218,Walsh-Jacobs,Val Verde,307955,2024-07-15 21:06:49,
219,Bernier LLC,Val Verde,846095,2024-03-03 11:03:21,
220,Hettinger Inc,Val Verde,998876,2025-02-27 18:33:34,
221,Nader-Pfannerstill,Val Verde,936480,2024-11-07 12:35:07,
222,Walter-Hackett,Val Verde,526781,2024-12-30 21:19:17,
223,Cummerata-Jenkins,Val Verde,795329,2025-03-21 09:27:53,
224,Wuckert-Johnston,Val Verde,162844,2024-09-23 11:52:04,
225,"Luettgen, Ledner and Krajcik",Val Verde,455419,2025-05-16 09:48:44,
226,Runolfsdottir LLC,Val Verde,958318,2025-03-08 13:23:41,
227,"Sauer, Botsford and Ledner",Val Verde,731317,2025-03-11 22:28:29,
228,"Barrows, Thiel and Boyer",Val Verde,115768,2024-02-25 10:48:11,
229,"Kerluke, Dooley and Zboncak",Val Verde,308940,2024-12-23 22:44:42,
230,"Cronin, Homenick and Lowe",Val Verde,858176,2025-04-29 20:16:14,
231,Rempel and Sons,Val Verde,990163,2025-03-19 17:43:50,
232,"Carter, Rutherford and Hodkiewicz",Val Verde,981276,2024-11-28 11:59:17,
233,"Ullrich, O'Reilly and O'Reilly",Val Verde,769462,2024-04-27 05:40:03,
234,Roob and Sons,Val Verde,500262,2024-12-28 15:17:23,
235,Bechtelar and Sons,Val Verde,886630,2024-08-27 13:46:15,
236,"Hilll, O'Keefe and Roob",Val Verde,303944,2024-11-17 18:24:48,
237,Cole-Kuvalis,Val Verde,757925,2025-01-02 22:11:04,
238,Dooley-Dare,Val Verde,599083,2024-01-12 04:24:56,
239,"Bogan, Sporer and West",Val Verde,534340,2025-02-07 18:05:33,
240,Kling and Sons,Val Verde,998105,2024-07-20 14:15:18,
241,Hilll-Lubowitz,Val Verde,116460,2024-05-23 06:51:12,
242,Conn-Reinger,Val Verde,262025,2024-11-24 22:30:19,
243,Macejkovic LLC,Val Verde,314803,2024-06-05 00:46:44,
244,"Schroeder, Zieme and Hilll",Val Verde,687729,2024-09-27 03:58:06,
245,Rowe-Franecki,Val Verde,849396,2025-03-17 12:58:35,
246,Braun-Adams,Val Verde,335982,2024-09-26 17:53:12,
247,Hilll LLC,Val Verde,584384,2024-09-28 19:47:20,
248,Toy Group,Val Verde,966260,2024-11-22 22:40:11,
249,Brekke LLC,Val Verde,101749,2024-09-24 03:58:01,
250,Little-Wiegand,Val Verde,179254,2024-09-26 22:37:21,
251,Huel and Sons,Val Verde,771729,2024-07-13 13:40:17,
252,Hauck-Stanton,Val Verde,651975,2024-01-17 15:48:19,
253,Brakus LLC,Val Verde,679055,2025-05-20 00:29:50,
254,"Ritchie, Kessler and Green",Val Verde,743011,2024-07-07 09:31:43,
255,Gleichner Inc,Val Verde,267634,2024-09-26 22:52:53,
256,Bernier LLC,Val Verde,166789,2024-03-06 21:24:31,
257,Erdman-Hauck,Val Verde,333330,2024-10-28 11:50:45,
258,Reichert Group,Val Verde,943436,2024-08-15 01:13:38,
259,Ward Inc,Val Verde,245445,2025-04-22 01:57:32,
260,Brekke LLC,Val Verde,175543,2024-07-10 11:15:17,
261,"Gottlieb, Beahan and Beer",Val Verde,265262,2024-04-09 17:04:31,
262,Dicki-Rippin,Val Verde,484915,2024-06-04 01:51:37,
263,Corwin Group,Val Verde,434991,2024-02-20 00:59:49,
264,Erdman and Sons,Val Verde,134967,2024-02-29 00:52:18,
265,Koelpin Group,Val Verde,346936,2025-02-11 07:23:31,
266,Wolf-Mueller,Val Verde,676443,2024-01-19 07:42:17,
267,White Group,Val Verde,883327,2024-07-16 13:57:21,
268,Cronin-Rempel,Val Verde,866746,2025-03-20 05:13:05,
269,"Klocko, Bailey and West",Val Verde,448926,2024-02-05 05:11:19,
270,Cummings-Leffler,Val Verde,853156,2024-11-15 14:07:19,
271,Dickinson and Sons,Val Verde,202647,2024-11-18 21:41:10,
272,"Bruen, Bernhard and Blick",Val Verde,392409,2024-05-24 17:03:46,
273,"Kris, Herman and Schiller",Val Verde,487465,2024-03-07 00:24:56,
274,Skiles-Gibson,Val Verde,751537,2024-10-22 07:01:02,
275,Reynolds-Armstrong,Val Verde,124498,2024-01-25 07:34:30,
276,"Balistreri, Williamson and Zieme",Val Verde,432680,2024-12-23 20:35:44,
277,Prosacco and Sons,Val Verde,250252,2024-02-06 16:54:30,
278,"Schoen, Schuster and Turcotte",Val Verde,211185,2024-02-08 06:41:40,
279,O'Reilly-Hansen,Val Verde,728216,2024-12-25 21:11:33,
280,"Flatley, Stanton and Nikolaus",Val Verde,275408,2024-12-09 06:31:02,
281,Stoltenberg and Sons,Val Verde,863762,2024-03-26 13:04:21,
282,"Rath, Strosin and Ondricka",Val Verde,865990,2024-03-23 12:55:31,
283,Ankunding-Wyman,Val Verde,813223,2024-06-29 03:29:39,
284,"Dare, Flatley and Kutch",Val Verde,664704,2024-03-19 11:10:31,
285,Brown Inc,Val Verde,732080,2024-09-30 22:11:46,
286,Rogahn-Koch,Val Verde,230299,2025-04-30 08:47:29,
287,"Feest, Heller and Baumbach",Val Verde,439991,2024-03-18 20:42:16,
288,Williamson-Feil,Val Verde,768932,2024-11-26 04:18:08,
289,"Marquardt, Buckridge and Cole",Val Verde,272663,2024-11-24 01:07:19,
290,Schinner Inc,Val Verde,874268,2024-09-16 17:58:21,
291,Thiel LLC,Val Verde,804534,2024-12-27 16:11:29,
292,Koepp-Gutmann,Val Verde,775743,2024-07-18 16:07:29,
293,Wilderman Inc,Val Verde,824552,2024-11-27 03:20:30,
294,"Lakin, Johns and Morar",Val Verde,566369,2024-04-22 09:31:16,
295,Casper and Sons,Val Verde,177254,2024-03-11 07:55:27,
296,Klein-Connelly,Val Verde,336855,2025-03-21 11:42:38,
297,Jenkins LLC,Val Verde,227726,2024-12-09 01:08:08,
298,Feeney LLC,Val Verde,417879,2024-11-02 05:44:19,
299,Bednar LLC,Val Verde,712390,2024-06-05 01:44:19,
300,"Muller, Braun and Douglas",Val Verde,264680,2024-10-08 04:46:44,
301,Wolf Group,Val Verde,240151,2024-03-03 02:53:54,
302,Crist-Walker,Val Verde,692479,2024-07-19 20:47:20,
303,"Krajcik, Johnston and Bauch",Val Verde,292276,2025-02-17 21:04:22,
304,Parisian-Batz,Val Verde,548374,2024-07-27 21:46:38,
305,Weimann-Goodwin,Val Verde,973570,2025-01-02 20:31:34,
306,Waters Group,Val Verde,912679,2024-11-10 19:14:40,
307,Zulauf-Goyette,Val Verde,199926,2025-02-17 06:36:44,
308,"Wyman, Stark and Kuhn",Val Verde,794058,2025-04-05 06:56:20,
309,Reichel-Ward,Val Verde,748238,2024-02-22 03:21:13,
310,"Gislason, Hermiston and Crona",Val Verde,770357,2025-05-04 01:22:58,
311,"Runte, Jacobson and Hessel",Val Verde,291360,2024-06-02 09:14:43,
312,Franecki and Sons,Val Verde,550242,2024-05-04 18:01:53,
313,Heaney-Jacobson,Val Verde,441725,2024-07-31 19:08:17,
314,"Grady, Rolfson and Hermann",Val Verde,384183,2024-10-22 16:25:37,
315,VonRueden LLC,Val Verde,644851,2024-04-04 21:48:21,
316,"Conroy, Lubowitz and Christiansen",Val Verde,485793,2025-01-17 18:22:38,
317,Emmerich-Lesch,Val Verde,374992,2024-10-03 02:37:53,
318,Mueller and Sons,Val Verde,969119,2024-09-12 04:23:08,
319,Quigley Inc,Val Verde,477263,2025-04-02 04:16:46,
320,Johnson-Swift,Val Verde,868404,2025-05-01 00:03:46,
321,Pagac Inc,Val Verde,743355,2024-01-06 10:35:30,
322,"Davis, Beer and Abernathy",Val Verde,990001,2024-08-31 17:59:06,
323,Medhurst LLC,Val Verde,822704,2024-06-19 21:58:38,
324,"Schmitt, Pfeffer and Bernier",Val Verde,599222,2024-06-22 20:20:08,
325,Hills and Sons,Val Verde,698860,2024-06-06 14:55:28,
326,"Morar, Dicki and Schneider",Val Verde,643619,2024-03-12 10:22:09,
327,Larson LLC,Val Verde,173731,2024-12-04 04:50:52,
328,"Jenkins, Rempel and Pfannerstill",Val Verde,560616,2025-01-04 17:02:09,
329,Watsica Inc,Val Verde,533630,2024-07-01 08:33:59,
330,Feil-Gottlieb,Val Verde,682221,2024-01-02 03:39:12,
331,"Hoeger, Daugherty and Koch",Val Verde,610647,2024-11-14 20:36:02,
332,"Pollich, Batz and Hickle",Val Verde,180890,2024-06-26 05:35:48,
333,"Heathcote, Auer and Olson",Val Verde,816552,2024-11-10 18:39:15,
334,Yost-Flatley,Val Verde,221229,2024-07-08 00:22:28,
335,Leuschke-Paucek,Val Verde,523288,2024-09-21 12:57:17,
336,Walter-Hermiston,Val Verde,708493,2024-11-02 05:09:12,
337,Hand LLC,Val Verde,549111,2024-04-18 07:53:27,
338,McGlynn-Reichert,Val Verde,998035,2024-03-22 16:37:49,
339,Stamm-Harvey,Val Verde,353162,2024-11-01 07:15:01,
340,Bartell-Towne,Val Verde,978759,2024-04-30 05:11:17,
341,Schneider Inc,Val Verde,351674,2024-11-13 09:43:20,
342,Ryan-Hoppe,Val Verde,158428,2025-05-06 01:27:23,
343,Kihn Inc,Val Verde,632515,2024-02-18 00:21:04,
344,Johnson-Kihn,Val Verde,497173,2024-03-18 06:20:20,
345,"Huel, Friesen and Wolff",Val Verde,563226,2024-12-24 11:48:44,
346,Reynolds-Bednar,Val Verde,881673,2024-05-16 00:23:42,
347,Crist and Sons,Val Verde,344764,2024-01-22 22:02:07,
348,"Mertz, Strosin and Cassin",Val Verde,788549,2024-02-09 08:46:13,
349,Bernier and Sons,Val Verde,800535,2025-05-03 17:30:18,
350,Lang-Bernier,Val Verde,169343,2024-10-24 14:02:49,
351,Howe and Sons,Val Verde,733328,2025-03-28 04:01:39,
352,Rohan Group,Val Verde,550061,2024-08-08 03:15:02,
353,"Osinski, Cartwright and Luettgen",Val Verde,813335,2025-01-16 02:13:28,
354,Hodkiewicz and Sons,Val Verde,335132,2025-03-01 15:08:22,
355,Carter-Hand,Val Verde,780440,2025-05-10 18:12:58,
356,Boyer Group,Val Verde,622293,2024-02-20 19:29:06,
357,Daugherty and Sons,Val Verde,320441,2025-01-12 09:29:47,
358,Lockman-Dicki,Val Verde,216418,2024-11-30 06:28:04,
359,Sauer LLC,Val Verde,681532,2025-04-03 11:55:52,
360,"Ullrich, Moen and Rowe",Val Verde,810155,2024-12-08 11:52:24,
361,Quigley-Murphy,Val Verde,183755,2024-06-17 00:49:27,
362,"Kshlerin, Hodkiewicz and Klocko",Val Verde,596570,2024-12-04 03:08:14,
363,"Glover, Jerde and Tremblay",Val Verde,482856,2024-09-06 13:49:24,
364,"Toy, McDermott and Krajcik",Val Verde,643256,2024-07-29 23:31:39,
365,Dach-Labadie,Val Verde,654159,2024-03-14 23:24:53,
366,Schumm-Franecki,Val Verde,631292,2024-05-20 00:34:06,
367,"Bogan, Brekke and Cormier",Val Verde,368547,2025-04-30 10:46:53,
368,Larkin-Mayert,Val Verde,829625,2024-05-23 09:15:04,
369,Tillman-Kutch,Val Verde,248546,2025-01-25 07:14:11,
370,Bogisich-McClure,Val Verde,884497,2025-01-24 06:00:39,
371,Osinski-Hauck,Val Verde,841509,2025-04-04 08:10:13,
372,Hermiston-Ziemann,Val Verde,951220,2024-03-12 06:41:10,
373,Hyatt-Hayes,Val Verde,216366,2024-08-13 17:23:28,
374,"Jast, Borer and Abshire",Val Verde,358030,2025-01-17 00:25:29,
375,Lakin-Abshire,Val Verde,144681,2024-05-02 09:15:04,
376,Armstrong Group,Val Verde,305954,2025-04-17 11:04:38,
377,Towne Inc,Val Verde,697670,2024-08-31 19:13:25,
378,Lueilwitz Group,Val Verde,895860,2024-04-22 23:08:34,
379,Klocko Group,Val Verde,982540,2024-08-16 05:29:51,
380,Weber Group,Val Verde,271161,2024-12-23 10:05:02,
381,"Gusikowski, Wilderman and Wuckert",Val Verde,158250,2024-06-30 20:39:52,
382,"Halvorson, Mayer and Hauck",Val Verde,200471,2024-01-21 00:51:24,
383,"Hills, Collins and Walker",Val Verde,668984,2025-05-08 09:32:12,
384,VonRueden Group,Val Verde,738306,2025-01-28 15:28:15,
385,"Prohaska, Grimes and Franecki",Val Verde,259122,2024-08-24 11:27:44,
386,Bashirian-Rowe,Val Verde,275493,2025-03-04 17:21:34,
387,"Mraz, Terry and Ziemann",Val Verde,824799,2024-07-24 18:47:34,
388,Carroll LLC,Val Verde,153140,2024-07-30 19:06:28,
389,"Senger, Cruickshank and Schiller",Val Verde,949767,2024-08-31 04:26:19,
390,"Smith, Howell and Wisozk",Val Verde,910271,2024-01-27 16:19:04,
391,Murray-Harris,Val Verde,843285,2024-06-13 13:24:51,
392,"Jacobs, Haley and Jenkins",Val Verde,933494,2024-01-02 02:40:54,
393,Kohler-Price,Val Verde,156877,2024-03-24 17:16:36,
394,"Stiedemann, Jacobi and Mayer",Val Verde,434978,2024-07-26 04:56:55,
395,Grimes-Marvin,Val Verde,784667,2024-09-15 17:15:16,
396,Mertz-Witting,Val Verde,285511,2024-04-06 17:18:27,
397,Prosacco-Yost,Val Verde,926951,2025-03-22 07:44:26,
398,"Spencer, Jenkins and Rohan",Val Verde,395494,2025-04-14 09:42:24,
399,Greenfelder-Braun,Val Verde,927317,2025-02-03 20:59:02,
400,"Rolfson, O'Conner and Wintheiser",Val Verde,624628,2024-06-05 13:29:59,
401,Gutkowski-Walsh,Val Verde,434496,2024-01-08 00:35:52,
402,Kiehn-Bechtelar,Val Verde,311832,2024-06-21 19:44:08,
403,Davis-Yundt,Val Verde,369052,2024-01-05 18:31:04,
404,Dibbert-Strosin,Val Verde,956326,2025-03-20 03:48:19,
405,Mosciski-Hauck,Val Verde,809150,2024-11-26 09:18:49,
406,Sipes-Emard,Val Verde,143825,2025-04-18 00:07:54,
407,"Hartmann, Kris and Pouros",Val Verde,294130,2025-05-03 00:23:56,
408,Green-Stroman,Val Verde,739076,2025-02-25 19:05:48,
409,Stamm-Jones,Val Verde,527941,2024-02-23 01:36:04,
410,"Lubowitz, Grady and D'Amore",Val Verde,248008,2025-04-23 13:37:45,
411,"Price, Rutherford and Waelchi",Val Verde,270822,2024-11-21 17:29:29,
412,"Schamberger, Torp and Schimmel",Val Verde,209002,2024-07-14 21:18:56,
413,"Kovacek, Ratke and Romaguera",Val Verde,370480,2025-01-14 18:20:02,
414,"Strosin, Lubowitz and Fay",Val Verde,951740,2024-12-12 20:46:44,
415,"Mertz, Waelchi and Russel",Val Verde,589076,2024-10-18 23:34:13,
416,Harber-Schultz,Val Verde,609602,2024-12-23 01:24:58,
417,Nitzsche and Sons,Val Verde,522202,2024-11-28 10:04:45,
418,Bradtke-Hegmann,Val Verde,771780,2024-10-02 09:34:40,
419,Cartwright LLC,Val Verde,324819,2025-05-12 04:49:25,
420,Kshlerin and Sons,Val Verde,129100,2024-12-18 13:50:13,
421,"Zulauf, Heller and Feil",Val Verde,545168,2025-02-16 06:48:46,
422,Beer-Lind,Val Verde,347395,2024-11-29 17:53:48,
423,"Johnson, Ortiz and Christiansen",Val Verde,545063,2024-08-15 01:53:51,
424,Hackett Inc,Val Verde,453814,2024-11-03 23:58:40,
425,Feest and Sons,Val Verde,695369,2024-08-02 12:48:26,
426,Frami-Bradtke,Val Verde,178885,2024-09-04 09:44:27,
427,"Homenick, Kertzmann and Gerlach",Val Verde,565570,2024-12-16 21:22:55,
428,"Johnson, Volkman and O'Kon",Val Verde,998392,2025-03-18 16:00:07,
429,"Heidenreich, Bayer and Langosh",Val Verde,620090,2025-03-21 23:44:09,
430,"Durgan, Batz and Romaguera",Val Verde,233996,2025-03-30 08:14:25,
431,Schmitt-Walker,Val Verde,490974,2024-10-23 15:20:24,
432,O'Conner and Sons,Val Verde,557251,2025-02-26 22:54:33,
433,Franecki-Pacocha,Val Verde,954693,2025-03-02 10:38:05,
434,Bruen-Becker,Val Verde,163381,2024-06-19 08:53:02,
435,Schulist and Sons,Val Verde,310209,2025-03-31 08:06:13,
436,Casper Inc,Val Verde,760725,2025-02-08 11:11:03,
437,"Lind, Veum and VonRueden",Val Verde,249277,2024-05-01 01:52:18,
438,Renner and Sons,Val Verde,606572,2025-02-07 13:55:54,
439,Jerde-Nader,Val Verde,688361,2024-03-04 08:48:07,
440,"Kohler, Okuneva and Legros",Val Verde,299030,2024-12-06 10:18:13,
441,Stark-Hyatt,Val Verde,157582,2024-10-28 10:10:12,
442,"Schroeder, Hayes and Friesen",Val Verde,508671,2024-10-16 01:40:01,
443,"Kemmer, Shields and Mayert",Val Verde,352696,2024-10-20 21:11:43,
444,Rohan Inc,Val Verde,963044,2024-08-02 04:28:55,
445,Mayert-Watsica,Val Verde,656279,2024-09-29 01:25:09,
446,Baumbach Group,Val Verde,288492,2024-07-09 15:26:37,
447,Reichert-Veum,Val Verde,422518,2025-04-25 19:26:04,
448,"Gorczany, McCullough and McClure",Val Verde,579471,2024-03-03 22:02:26,
449,Kub-Altenwerth,Val Verde,393508,2025-04-22 07:25:44,
450,Mosciski Inc,Val Verde,644042,2024-11-14 13:26:09,
451,Friesen and Sons,Val Verde,594154,2024-05-25 01:10:30,
452,"Kozey, Durgan and Keeling",Val Verde,823211,2024-05-04 08:26:46,
453,"Hagenes, Hamill and Gulgowski",Val Verde,166723,2024-02-27 04:10:11,
454,"Schaefer, Turner and Volkman",Val Verde,280107,2024-03-02 04:33:49,
455,Metz-Muller,Val Verde,477086,2025-05-12 16:32:52,
456,Feeney-Bradtke,Val Verde,719580,2024-12-22 08:34:53,
457,Rowe-Grady,Val Verde,736103,2024-02-16 01:23:04,
458,Dietrich LLC,Val Verde,386477,2024-11-04 12:45:03,
459,Schroeder-Rau,Val Verde,604191,2024-01-03 07:36:24,
460,Rolfson-Rempel,Val Verde,431814,2024-08-12 17:53:59,
461,Hane-Lindgren,Val Verde,494446,2024-11-28 03:49:33,
462,"Erdman, Goodwin and Lebsack",Val Verde,774279,2025-03-31 10:30:14,
463,Cartwright LLC,Val Verde,883012,2024-01-08 10:44:43,
464,Haag Group,Val Verde,972208,2025-05-08 21:37:16,
465,Hane-Considine,Val Verde,460406,2024-05-30 05:54:21,
466,Emard-Parisian,Val Verde,550143,2024-09-24 00:09:30,
467,"Hessel, Conn and Cremin",Val Verde,402963,2025-01-30 03:51:02,
468,"Nikolaus, Mayert and Pouros",Val Verde,214143,2025-01-10 19:15:29,
469,Conn-Keeling,Val Verde,870540,2024-12-11 12:20:59,
470,Kris Inc,Val Verde,133908,2025-01-19 14:57:56,
471,Keebler-Kreiger,Val Verde,829144,2024-01-23 03:58:40,
472,Ferry-Muller,Val Verde,375444,2024-10-26 12:56:05,
473,Skiles Group,Val Verde,145482,2024-01-12 02:39:22,
474,Cole-Wolf,Val Verde,967941,2025-01-30 17:43:33,
475,"Heaney, Tremblay and Rippin",Val Verde,483602,2024-12-07 21:35:10,
476,"Weissnat, Beer and Schuppe",Val Verde,525769,2024-01-12 05:10:51,
477,"Lind, Kemmer and Ziemann",Val Verde,263742,2025-03-30 17:08:06,
478,Kihn Group,Val Verde,653907,2024-04-02 08:22:16,
479,"Gulgowski, Kris and Zieme",Val Verde,162140,2025-01-05 06:23:06,
480,Schiller LLC,Val Verde,788569,2024-03-04 03:01:59,
481,Heaney-Kirlin,Val Verde,324673,2025-02-03 06:06:19,
482,Hills-Schaefer,Val Verde,610189,2024-11-19 07:15:34,
483,Ortiz-Welch,Val Verde,903594,2024-04-25 10:41:36,
484,Leuschke LLC,Val Verde,693200,2024-11-05 03:36:42,
485,Blanda-Johnston,Val Verde,513392,2024-12-05 01:36:14,
486,Rolfson Group,Val Verde,827620,2024-06-01 03:10:41,
487,"Lueilwitz, Lehner and Willms",Val Verde,870564,2025-01-11 05:36:53,
488,Klocko-Wisoky,Val Verde,805501,2024-06-08 17:56:05,
489,Hahn-Bins,Val Verde,316951,2024-09-06 05:19:41,
490,Schimmel-Grady,Val Verde,121247,2025-02-02 01:56:58,
491,Johns-Kuphal,Val Verde,557089,2024-12-23 19:16:59,
492,Wunsch Inc,Val Verde,967305,2024-10-16 20:58:52,
493,Thompson-Schuster,Val Verde,690790,2024-04-21 12:18:02,
494,"Zboncak, Kuhn and Feest",Val Verde,176038,2024-02-05 06:41:51,
495,Pfannerstill-Kerluke,Val Verde,509981,2024-05-08 18:12:24,
496,Bartell Group,Val Verde,438117,2024-05-09 14:12:13,
497,"Paucek, Kuphal and Hilpert",Val Verde,160405,2024-12-12 04:53:35,
498,"Konopelski, Bode and Goodwin",Val Verde,618553,2024-01-18 19:02:42,
499,Schowalter-Quigley,Val Verde,291356,2024-10-05 14:54:52,
500,Emard-Weber,Val Verde,229046,2025-05-18 15:18:48,
501,"Kreiger, Rohan and Klocko",Val Verde,893990,2025-03-30 16:07:24,
502,Zieme-Abernathy,Val Verde,520392,2024-08-13 02:04:15,
503,"Dare, Jakubowski and Jaskolski",Val Verde,516258,2025-03-08 14:48:00,
504,Harris Inc,Val Verde,217650,2024-03-22 20:47:08,
505,Kris Group,Val Verde,780197,2024-02-27 04:47:22,
506,Quigley-Rath,Val Verde,242919,2025-05-23 15:35:40,
507,Schuster Group,Val Verde,818082,2025-02-22 22:34:20,
508,Wiza-Barton,Val Verde,794590,2024-02-10 11:30:35,
509,"Wilderman, Yost and Hegmann",Val Verde,968749,2024-08-04 10:42:21,
510,Beatty and Sons,Val Verde,847541,2024-09-14 12:31:33,
511,Murazik Group,Val Verde,162271,2024-02-25 19:54:12,
512,Donnelly-Ernser,Val Verde,200587,2024-08-27 22:00:15,
513,Murazik-Anderson,Val Verde,402130,2024-08-30 03:14:17,
514,"Beer, Rosenbaum and Cassin",Val Verde,260611,2024-08-19 13:24:57,
515,"Ondricka, Zboncak and Erdman",Val Verde,412291,2024-03-18 03:02:01,
516,Koch-Hand,Val Verde,317342,2024-04-29 17:24:22,
517,Mante and Sons,Val Verde,299588,2024-12-15 22:29:46,
518,Ernser Inc,Val Verde,453192,2024-02-21 12:57:00,
519,"Toy, Nader and Cassin",Val Verde,673348,2024-12-26 03:12:11,
520,Runte-Baumbach,Val Verde,605247,2024-05-13 22:46:09,
521,Kilback Group,Val Verde,477799,2024-02-23 14:07:40,
522,Mayert Group,Val Verde,619659,2024-09-30 23:21:43,
523,Reynolds Inc,Val Verde,520451,2025-03-29 23:34:30,
524,Runolfsson Inc,Val Verde,712142,2024-02-08 00:29:36,
525,Shields Inc,Val Verde,848353,2024-02-01 21:43:09,
526,Boyle and Sons,Val Verde,227069,2025-03-31 07:38:08,
527,Schulist-Halvorson,Val Verde,842483,2024-11-28 05:49:34,
528,Wuckert Inc,Val Verde,993116,2025-03-08 14:21:34,
529,"McGlynn, Gerlach and Konopelski",Val Verde,803635,2024-12-04 22:25:36,
530,Corwin and Sons,Val Verde,918941,2025-04-27 01:15:25,
531,"Boyle, Romaguera and Blanda",Val Verde,741079,2025-03-05 18:15:08,
532,Goodwin-Littel,Val Verde,298357,2024-12-21 07:42:32,
533,Lowe-Gottlieb,Val Verde,618654,2024-01-30 06:23:54,
534,Kub-Williamson,Val Verde,981222,2025-01-07 23:20:11,
535,Torphy-Wolf,Val Verde,272005,2025-02-25 22:41:52,
536,"Swaniawski, Prosacco and Schinner",Val Verde,679740,2024-08-02 12:14:15,
537,"O'Reilly, Maggio and Schaefer",Val Verde,644257,2025-04-30 12:55:57,
538,Brekke Inc,Val Verde,234602,2024-09-26 02:28:48,
539,"Kreiger, Schoen and Kerluke",Val Verde,692151,2025-03-30 22:40:18,
540,Morissette Group,Val Verde,689884,2024-05-28 11:34:33,
541,Kuphal-Conroy,Val Verde,823589,2024-02-16 07:37:21,
542,Blick-Marquardt,Val Verde,157676,2024-12-05 15:44:40,
543,Toy-Cummerata,Val Verde,683444,2024-11-16 07:27:20,
544,Jones LLC,Val Verde,997094,2024-02-25 05:34:45,
545,"Collins, Williamson and Steuber",Val Verde,521452,2024-07-14 18:52:21,
546,Skiles Inc,Val Verde,101015,2024-12-20 06:03:43,
547,Lemke Inc,Val Verde,979423,2024-08-17 17:49:11,
548,Hudson-Murray,Val Verde,260038,2025-03-13 08:06:40,
549,Smith LLC,Val Verde,387655,2024-06-18 21:20:56,
550,Kunze and Sons,Val Verde,153884,2024-01-18 04:13:40,
551,Padberg LLC,Val Verde,252919,2024-03-19 09:17:10,
552,Jast-Smith,Val Verde,773734,2024-03-23 13:40:38,
553,Runte Group,Val Verde,469120,2024-10-10 15:02:24,
554,Pagac-Thiel,Val Verde,353954,2024-07-11 17:51:29,
555,"Halvorson, Jerde and Lakin",Val Verde,122559,2024-02-21 18:34:46,
556,"Deckow, Ziemann and Jaskolski",Val Verde,942930,2025-01-25 10:59:17,
557,Walter LLC,Val Verde,853920,2024-01-03 09:20:55,
558,"Murazik, Haag and Waters",Val Verde,577763,2024-06-16 03:38:02,
559,Nitzsche-Douglas,Val Verde,376515,2024-01-02 01:03:14,
560,Koepp-Morissette,Val Verde,932847,2024-12-05 15:45:49,
561,Robel Group,Val Verde,911998,2024-08-23 21:18:48,
562,Monahan-Witting,Val Verde,771687,2024-08-18 23:32:37,
563,"Rutherford, Renner and Jones",Val Verde,380884,2024-07-18 03:10:29,
564,"Bednar, Medhurst and Bashirian",Val Verde,946486,2025-01-11 14:06:50,
565,"Fadel, Kunze and Nitzsche",Val Verde,676986,2024-12-17 06:46:10,
566,"Mante, Botsford and Berge",Val Verde,975130,2024-07-12 20:14:13,
567,"Bartell, Kling and Walsh",Val Verde,269916,2025-01-27 09:17:40,
568,Watsica Group,Val Verde,736111,2024-08-18 20:37:20,
569,Gutkowski and Sons,Val Verde,545286,2024-06-13 15:55:17,
570,"Abbott, Mohr and Lehner",Val Verde,351887,2024-04-10 00:29:24,
571,"Keebler, Marvin and Legros",Val Verde,669940,2025-01-20 08:20:35,
572,Kertzmann Inc,Val Verde,622282,2025-04-02 03:10:35,
573,Crist Group,Val Verde,423906,2024-07-11 21:13:16,
574,Wilkinson Group,Val Verde,814020,2025-04-07 19:09:59,
575,"Carter, Murazik and Mitchell",Val Verde,562202,2024-11-23 08:31:00,
576,Greenholt and Sons,Val Verde,125111,2024-08-08 20:02:24,
577,Crist-Wunsch,Val Verde,367216,2025-05-15 23:46:47,
578,Lindgren Inc,Val Verde,267611,2024-03-17 04:18:57,
579,Schaefer and Sons,Val Verde,648974,2024-07-17 04:42:19,
580,"Sawayn, Mueller and Stroman",Val Verde,999625,2024-10-05 09:06:00,
581,Bahringer-Rempel,Val Verde,291621,2024-08-21 21:25:34,
582,Miller-Lindgren,Val Verde,195866,2025-03-23 22:39:47,
583,"Littel, Padberg and Pacocha",Val Verde,905529,2024-07-13 18:31:32,
584,White-Veum,Val Verde,471983,2025-04-18 09:41:06,
585,"Olson, Gislason and Batz",Val Verde,262215,2025-04-14 02:54:42,
586,Luettgen Group,Val Verde,440410,2024-04-26 09:15:08,
587,Schaefer Group,Val Verde,912294,2024-09-28 09:08:26,
588,Schmidt-O'Connell,Val Verde,441173,2024-11-14 09:19:37,
589,O'Kon and Sons,Val Verde,984555,2025-01-14 08:38:31,
590,Romaguera-Altenwerth,Val Verde,377637,2025-01-24 02:17:01,
591,Kunde and Sons,Val Verde,365448,2025-04-11 10:50:34,
592,"Hirthe, Turcotte and Daugherty",Val Verde,814438,2025-04-13 06:28:34,
593,Grimes and Sons,Val Verde,513589,2024-08-24 14:59:16,
594,Waelchi Inc,Val Verde,339752,2024-03-31 18:12:00,
595,"Pfeffer, Emard and Friesen",Val Verde,245425,2024-07-09 18:28:14,
596,Bergnaum Group,Val Verde,402172,2024-03-20 09:52:13,
597,Stroman-Stroman,Val Verde,679179,2024-05-28 01:14:31,
598,Larson-Haley,Val Verde,558442,2024-06-05 07:27:48,
599,"Zulauf, Roberts and Leannon",Val Verde,431992,2024-09-02 23:06:29,
600,"Crona, Parker and Emard",Val Verde,769179,2025-02-25 16:30:34,
601,"Hermann, Casper and Herzog",Val Verde,973906,2024-05-03 04:20:37,
602,"Hauck, Mohr and Schowalter",Val Verde,604179,2025-04-27 00:21:27,
603,"Muller, Beier and Klocko",Val Verde,131674,2025-04-22 20:03:28,
604,"Johnson, Cummings and Predovic",Val Verde,688208,2024-11-30 08:23:45,
605,Sanford-Boehm,Val Verde,934337,2025-04-23 16:38:37,
606,Aufderhar-Osinski,Val Verde,918928,2025-03-15 14:18:28,
607,Gutkowski LLC,Val Verde,749724,2024-02-29 22:14:52,
608,Kassulke Group,Val Verde,683223,2025-04-29 17:28:31,
609,Bayer LLC,Val Verde,572385,2024-04-21 18:12:49,
610,Walker-DuBuque,Val Verde,157901,2024-12-24 22:53:08,
611,"Wolff, McDermott and Hartmann",Val Verde,393418,2024-06-23 21:31:56,
612,Harvey-Heaney,Val Verde,789661,2024-06-22 19:05:03,
613,Olson-Hermann,Val Verde,787453,2025-01-30 07:01:42,
614,Keeling LLC,Val Verde,130052,2024-03-01 02:46:12,
615,Kovacek and Sons,Val Verde,483995,2024-06-18 12:09:57,
616,Prohaska-Konopelski,Val Verde,795589,2025-04-08 19:08:11,
617,Hamill-Williamson,Val Verde,756801,2025-04-07 04:43:26,
618,Powlowski and Sons,Val Verde,476709,2024-02-02 09:38:58,
619,"Beer, Fritsch and Schinner",Val Verde,718596,2025-01-05 12:39:33,
620,"Carroll, Wuckert and Hackett",Val Verde,247502,2024-07-06 22:04:13,
621,Murray-Weber,Val Verde,155237,2024-04-13 18:05:07,
622,Marvin-Daniel,Val Verde,162874,2024-05-14 10:43:36,
623,"Yundt, Bahringer and Olson",Val Verde,517298,2024-05-29 06:54:26,
624,Towne and Sons,Val Verde,519032,2024-11-07 16:26:48,
625,Ferry Group,Val Verde,223978,2025-03-22 10:30:41,
626,Sanford Group,Val Verde,598967,2025-01-12 15:32:55,
627,Schuster LLC,Val Verde,632600,2024-07-14 07:35:42,
628,Hessel and Sons,Val Verde,473730,2025-01-11 17:40:45,
629,"Barrows, Olson and Walker",Val Verde,881105,2025-01-16 07:46:57,
630,Homenick Inc,Val Verde,891258,2024-06-05 23:00:47,
631,Carroll Group,Val Verde,949884,2025-03-22 05:07:41,
632,Lynch Group,Val Verde,718363,2024-10-24 10:33:38,
633,Bins-Wolff,Val Verde,259355,2024-05-31 22:54:03,
634,Stracke-Hamill,Val Verde,562243,2025-02-18 18:04:06,
635,Dietrich-Stoltenberg,Val Verde,654226,2024-12-06 14:42:22,
636,"Cummerata, Gorczany and Hane",Val Verde,280219,2024-05-07 14:10:15,
637,Bashirian-Effertz,Val Verde,931984,2024-01-04 05:46:02,
638,"Oberbrunner, Schuster and Collier",Val Verde,330379,2024-08-17 06:52:08,
639,Gibson Group,Val Verde,310448,2024-07-19 22:30:38,
640,"Brown, Nienow and Jenkins",Val Verde,895500,2024-11-17 21:35:26,
641,"Koelpin, Hane and Yundt",Val Verde,437881,2024-04-21 18:06:08,
642,"Feil, Stanton and Lehner",Val Verde,336940,2024-03-26 04:44:10,
643,Brown-Stiedemann,Val Verde,789769,2024-03-16 15:28:31,
644,Abernathy-Lebsack,Val Verde,879867,2024-02-12 16:08:34,
645,Wiza-Feil,Val Verde,696176,2024-10-03 12:30:12,
646,Hegmann LLC,Val Verde,197888,2024-02-29 03:59:47,
647,"Erdman, Greenfelder and Yost",Val Verde,771711,2025-01-17 04:19:20,
648,Waelchi-Harris,Val Verde,183371,2025-01-02 13:42:21,
649,Rohan-Hegmann,Val Verde,683437,2024-01-29 22:40:01,
650,"Hettinger, Daugherty and Considine",Val Verde,119349,2025-05-23 14:02:01,
651,"Erdman, Boehm and Fisher",Val Verde,453700,2024-05-23 14:00:39,
652,Denesik LLC,Val Verde,200253,2024-02-10 05:48:36,
653,"Jacobi, O'Conner and Witting",Val Verde,484172,2024-12-28 17:54:56,
654,"Trantow, Robel and Grady",Val Verde,723778,2024-04-24 21:37:16,
655,Wisozk-VonRueden,Val Verde,311897,2024-09-25 19:57:30,
656,Prosacco Group,Val Verde,693835,2025-01-06 15:23:43,
657,"Huel, Kerluke and Will",Val Verde,644083,2025-01-06 17:05:01,
658,"Luettgen, Aufderhar and Reynolds",Val Verde,754891,2025-01-16 09:22:31,
659,"Flatley, Wintheiser and Kshlerin",Val Verde,874079,2024-05-12 04:36:23,
660,Denesik Inc,Val Verde,392801,2024-01-18 13:42:28,
661,"Rolfson, Hayes and Towne",Val Verde,894308,2024-03-11 22:47:07,
662,"Dickinson, Champlin and Crona",Val Verde,749181,2024-03-22 12:13:44,
663,Willms Inc,Val Verde,425462,2024-02-20 06:29:44,
664,Cruickshank-Torp,Val Verde,796749,2024-12-03 00:24:09,
665,Carroll LLC,Val Verde,797968,2024-04-07 12:20:33,
666,Strosin LLC,Val Verde,809410,2024-03-30 03:09:59,
667,"Klocko, Nitzsche and Upton",Val Verde,386378,2025-02-15 15:12:17,
668,"Harris, Dach and Heathcote",Val Verde,752547,2024-03-25 03:03:46,
669,Windler-Ebert,Val Verde,871169,2024-12-25 11:46:59,
670,Medhurst-Hermann,Val Verde,899124,2024-05-26 00:43:50,
671,Keeling and Sons,Val Verde,130634,2024-07-03 04:02:52,
672,"Gerhold, Mayer and Greenfelder",Val Verde,772483,2024-12-09 14:01:36,
673,"Harris, Daniel and Heathcote",Val Verde,430354,2024-11-24 18:46:13,
674,"Hermiston, Zemlak and Lockman",Val Verde,344521,2024-02-01 10:29:04,
675,Harvey Inc,Val Verde,823683,2024-12-29 06:56:05,
676,Vandervort-Hintz,Val Verde,525463,2024-09-05 01:49:38,
677,Upton-Hickle,Val Verde,720617,2024-09-07 16:04:57,
678,Kihn LLC,Val Verde,181645,2025-03-18 02:12:02,
679,"Wehner, Considine and Schiller",Val Verde,344919,2024-06-09 05:57:42,
680,"Kihn, Osinski and Ziemann",Val Verde,166151,2024-11-22 18:46:57,
681,Bayer-D'Amore,Val Verde,931513,2024-07-28 20:33:09,
682,Kerluke-Langworth,Val Verde,980187,2024-10-03 19:09:46,
683,"Denesik, Weber and Langworth",Val Verde,239029,2024-08-06 19:08:14,
684,Miller LLC,Val Verde,973121,2025-01-07 10:05:31,
685,"Swift, O'Conner and Bogan",Val Verde,692079,2024-09-12 18:16:08,
686,"Schoen, Heller and Brakus",Val Verde,632280,2025-05-23 04:36:47,
687,Padberg LLC,Val Verde,511275,2025-02-04 03:48:41,
688,Terry and Sons,Val Verde,969777,2025-01-04 01:15:58,
689,"Maggio, Kohler and Gutkowski",Val Verde,927649,2025-04-11 22:23:00,
690,Weimann and Sons,Val Verde,467974,2024-10-27 03:40:47,
691,"Ledner, Shanahan and Stokes",Val Verde,323746,2024-06-30 16:48:32,
692,"Sipes, Kuphal and Kulas",Val Verde,616582,2024-07-07 10:36:06,
693,Hermann-Zulauf,Val Verde,374271,2024-07-19 16:00:06,
694,Altenwerth LLC,Val Verde,403016,2024-10-08 19:35:10,
695,"Ritchie, Lockman and Romaguera",Val Verde,609267,2024-10-03 13:03:40,
696,"Walker, Cruickshank and Walker",Val Verde,949196,2025-02-22 21:11:53,
697,Ortiz-Beer,Val Verde,313224,2024-11-21 02:24:56,
698,Mohr-Boyle,Val Verde,854281,2024-07-11 00:22:20,
699,"King, Towne and Nienow",Val Verde,149713,2024-06-23 12:39:35,
700,Kuhn-Anderson,Val Verde,831371,2024-03-29 07:53:01,
701,Osinski-O'Kon,Val Verde,420839,2024-02-06 13:50:23,
702,Vandervort-Parker,Val Verde,637788,2024-06-26 19:57:36,
703,"Kilback, Zieme and Pagac",Val Verde,979196,2024-01-13 15:51:48,
704,Blanda and Sons,Val Verde,989913,2025-01-25 11:53:35,
705,Von-Goodwin,Val Verde,242033,2025-05-22 07:05:23,
706,Schaden-Schroeder,Val Verde,667870,2025-05-10 03:53:53,
707,Maggio-Steuber,Val Verde,432221,2024-12-25 04:26:25,
708,Nitzsche-Green,Val Verde,853908,2025-01-15 17:53:00,
709,Treutel-Lindgren,Val Verde,788228,2024-10-15 02:27:24,
710,Cronin LLC,Val Verde,148250,2024-08-17 17:10:28,
711,"Bernhard, Gottlieb and Boehm",Val Verde,971906,2024-07-15 14:01:42,
712,Grimes-Goyette,Val Verde,902485,2024-12-04 18:25:37,
713,Doyle-Wolf,Val Verde,716770,2024-05-12 23:18:11,
714,Frami-Pfannerstill,Val Verde,586259,2024-09-14 07:32:30,
715,Lemke Group,Val Verde,266099,2025-02-16 00:10:22,
716,Jast-Herzog,Val Verde,503150,2024-12-19 20:33:23,
717,"Stehr, Hegmann and Friesen",Val Verde,648527,2024-12-12 02:24:50,
718,"Kuhlman, Stanton and Mertz",Val Verde,435954,2025-02-12 02:32:47,
719,Orn LLC,Val Verde,910124,2024-08-03 06:32:18,
720,"Borer, Trantow and Price",Val Verde,410417,2025-03-18 20:52:48,
721,Roberts-Huel,Val Verde,292506,2025-05-18 06:46:24,
722,Okuneva-Reinger,Val Verde,601193,2024-05-04 00:01:47,
723,Pollich and Sons,Val Verde,150564,2025-05-08 18:32:45,
724,"Sporer, Senger and Predovic",Val Verde,236558,2024-08-15 01:35:29,
725,Osinski LLC,Val Verde,899783,2024-05-17 23:48:27,
726,"Gottlieb, Williamson and Kovacek",Val Verde,557099,2024-07-02 04:35:37,
727,Sipes-McLaughlin,Val Verde,218896,2025-05-18 07:13:22,
728,"McCullough, Effertz and Bechtelar",Val Verde,829948,2024-01-11 07:37:06,
729,Maggio-Prohaska,Val Verde,896357,2024-12-20 18:38:37,
730,Langworth-King,Val Verde,735161,2024-04-14 06:58:35,
731,"Romaguera, Quigley and MacGyver",Val Verde,956309,2024-07-30 07:04:39,
732,"Krajcik, Grimes and Labadie",Val Verde,570320,2024-09-15 23:05:02,
733,Sawayn Group,Val Verde,705998,2024-12-03 23:38:50,
734,Pfeffer-Dickinson,Val Verde,163326,2025-01-24 15:14:34,
735,Considine-Harris,Val Verde,776000,2025-02-21 03:42:24,
736,Satterfield Inc,Val Verde,871654,2024-02-11 13:02:16,
737,Hauck-O'Connell,Val Verde,253564,2024-09-21 16:48:26,
738,"Erdman, Rolfson and Weber",Val Verde,543796,2024-02-08 22:48:22,
739,Heidenreich-Goodwin,Val Verde,870983,2024-12-12 03:03:07,
740,Bergstrom Group,Val Verde,564170,2024-07-06 21:25:51,
741,Marks Inc,Val Verde,813630,2025-05-19 03:56:13,
742,"Ortiz, Gislason and Ziemann",Val Verde,720553,2024-03-13 10:47:54,
743,"Keebler, Ankunding and Harber",Val Verde,843985,2024-08-25 04:41:02,
744,Wisoky-Parker,Val Verde,496416,2024-01-28 21:43:20,
745,Shanahan-Flatley,Val Verde,272446,2024-09-11 09:26:10,
746,Shields LLC,Val Verde,290046,2025-03-11 02:43:24,
747,Blanda-Zemlak,Val Verde,599610,2025-01-27 23:38:46,
748,"Gusikowski, Gusikowski and Batz",Val Verde,188751,2024-12-06 01:17:07,
749,Lueilwitz Inc,Val Verde,454424,2025-05-08 00:09:22,
750,Willms LLC,Val Verde,318659,2025-05-16 14:56:51,
751,Kilback-Dietrich,Val Verde,440768,2024-09-06 23:44:43,
752,Romaguera and Sons,Val Verde,529983,2025-04-02 20:02:28,
753,Christiansen-Donnelly,Val Verde,571561,2024-02-14 13:54:04,
754,"Keeling, Wiza and Hudson",Val Verde,384318,2025-01-31 12:48:28,
755,Bradtke Inc,Val Verde,477613,2024-02-09 05:49:44,
756,Baumbach Inc,Val Verde,724092,2025-01-20 09:00:05,
757,Ortiz and Sons,Val Verde,333946,2024-07-23 12:08:05,
758,Streich and Sons,Val Verde,525803,2024-06-19 09:08:58,
759,Wyman LLC,Val Verde,178818,2024-09-13 02:42:04,
760,"Jacobson, Marvin and Windler",Val Verde,360649,2025-02-26 16:35:11,
761,"Crona, Kris and Sporer",Val Verde,155473,2025-01-20 12:33:22,
762,O'Conner-Huel,Val Verde,437197,2024-06-30 21:28:15,
763,Ferry-Tromp,Val Verde,391680,2025-01-15 17:07:20,
764,Gleason-Hoppe,Val Verde,227463,2024-06-24 19:56:30,
765,"Cormier, Schneider and Wolf",Val Verde,764215,2024-04-28 14:58:23,
766,Bartell Group,Val Verde,490741,2025-02-20 16:08:19,
767,"Buckridge, Lockman and Larson",Val Verde,176974,2025-04-22 09:01:01,
768,Corwin-Raynor,Val Verde,410031,2024-12-21 09:18:00,
769,Hyatt and Sons,Val Verde,264080,2024-08-17 20:37:40,
770,"Weimann, Hane and Crist",Val Verde,593461,2024-06-18 07:19:44,
771,Gerlach-Kuvalis,Val Verde,314292,2025-04-22 17:04:15,
772,Reinger-Wilderman,Val Verde,283892,2025-02-24 10:25:20,
773,Zboncak-Harvey,Val Verde,439113,2025-03-02 23:48:27,
774,"Feest, Huels and Kris",Val Verde,585520,2024-05-29 06:19:20,
775,Bruen-Abernathy,Val Verde,466238,2024-01-17 12:22:32,
776,Jenkins Inc,Val Verde,744622,2024-01-04 10:21:54,
777,Dare Group,Val Verde,255927,2024-07-08 20:27:56,
778,"Doyle, Bruen and McGlynn",Val Verde,640600,2025-03-07 15:34:38,
779,Wolff-Heaney,Val Verde,525115,2025-03-24 06:21:33,
780,"Rau, Gleason and Lubowitz",Val Verde,211513,2024-02-07 06:08:38,
781,Stark-Orn,Val Verde,337903,2024-10-25 12:15:19,
782,"Toy, Kerluke and Abbott",Val Verde,142604,2024-11-08 19:37:42,
783,Hessel-Steuber,Val Verde,272438,2024-12-01 04:55:53,
784,Rau Group,Val Verde,475584,2025-05-12 00:22:57,
785,"Rice, Lockman and Walsh",Val Verde,604389,2025-03-14 19:53:50,
786,"Weber, Okuneva and Purdy",Val Verde,581323,2024-11-08 01:55:25,
787,Reichert-Turcotte,Val Verde,559921,2024-09-26 18:55:14,
788,Collins Group,Val Verde,442503,2024-01-15 09:42:53,
789,Morissette LLC,Val Verde,659408,2025-04-04 10:03:41,
790,"Tremblay, Fritsch and Kutch",Val Verde,225201,2024-08-10 04:31:28,
791,"Cruickshank, Labadie and Schmitt",Val Verde,290585,2024-02-07 00:30:52,
792,Johnston-Dooley,Val Verde,646671,2024-10-02 14:43:10,
793,Zboncak and Sons,Val Verde,352740,2024-02-26 12:03:13,
794,Kovacek-Lang,Val Verde,632582,2025-01-16 17:11:09,
795,Nikolaus Inc,Val Verde,403412,2024-01-19 18:45:12,
796,Rowe-Schowalter,Val Verde,732828,2025-04-11 06:48:53,
797,White-Prohaska,Val Verde,348146,2024-03-26 21:07:08,
798,Gislason and Sons,Val Verde,977635,2024-11-09 16:00:05,
799,Hackett-Stracke,Val Verde,417442,2024-12-26 14:33:02,
800,Beatty Inc,Val Verde,939420,2024-12-18 06:41:25,
801,"Borer, Reilly and Baumbach",Val Verde,257914,2024-12-17 23:03:45,
802,"Treutel, Lehner and Macejkovic",Val Verde,431476,2025-02-19 11:37:35,
803,Littel and Sons,Val Verde,886064,2025-03-11 09:57:37,
804,Reynolds Inc,Val Verde,523928,2024-08-07 18:38:56,
805,Schumm LLC,Val Verde,665836,2024-01-30 17:39:59,
806,Flatley-Lowe,Val Verde,509476,2024-07-15 04:58:35,
807,"Braun, Gleichner and Wintheiser",Val Verde,546091,2024-09-16 20:01:18,
808,Howell-Rogahn,Val Verde,243802,2025-01-13 01:30:26,
809,"Shields, Kihn and Shields",Val Verde,408794,2024-11-24 08:33:32,
810,Rogahn-Bogan,Val Verde,175432,2024-07-24 12:20:13,
811,Gleason-Aufderhar,Val Verde,317321,2024-04-09 22:49:57,
812,Quitzon-Runte,Val Verde,321515,2025-03-19 12:08:07,
813,Hagenes-Howell,Val Verde,983751,2024-06-19 19:14:46,
814,Hermann Group,Val Verde,773965,2024-12-12 23:53:38,
815,Kshlerin Inc,Val Verde,920271,2024-12-31 05:09:22,
816,Erdman-Macejkovic,Val Verde,808174,2024-01-06 23:26:00,
817,Cormier-Bartoletti,Val Verde,856876,2024-04-18 02:35:50,
818,Schimmel-Pagac,Val Verde,553256,2025-02-22 05:51:14,
819,"Streich, Collins and King",Val Verde,741638,2024-09-23 17:14:35,
820,"Gerhold, Koelpin and Muller",Val Verde,119222,2025-04-25 13:02:48,
821,"Nitzsche, Davis and Labadie",Val Verde,585528,2025-01-15 18:07:17,
822,"Breitenberg, Cronin and Nader",Val Verde,258006,2024-06-11 02:41:34,
823,"Jaskolski, Crona and Steuber",Val Verde,682399,2024-02-17 22:38:52,
824,Bosco-Bauch,Val Verde,499720,2024-02-23 09:31:00,
825,"Boyle, Greenfelder and Cartwright",Val Verde,379846,2024-09-08 01:34:24,
826,"Lindgren, Schumm and Jacobi",Val Verde,954142,2024-12-11 23:01:45,
827,Upton-Connelly,Val Verde,709340,2024-02-01 09:42:09,
828,Veum-Wintheiser,Val Verde,155968,2025-01-24 23:25:31,
829,Stehr-Dicki,Val Verde,829886,2025-01-12 18:30:31,
830,"Nikolaus, Veum and Bernhard",Val Verde,561882,2024-03-03 21:06:43,
831,Douglas-Weissnat,Val Verde,162713,2024-01-26 11:38:41,
832,Cronin-Swaniawski,Val Verde,948289,2024-02-01 07:36:45,
833,"Littel, Mayert and Hickle",Val Verde,135921,2024-08-13 11:40:45,
834,Kuhn-Baumbach,Val Verde,472116,2024-06-26 02:18:27,
835,"Dicki, Ondricka and Littel",Val Verde,999102,2025-01-30 02:41:11,
836,O'Conner-Macejkovic,Val Verde,700680,2025-02-20 23:08:01,
837,Graham LLC,Val Verde,820000,2024-09-06 02:49:00,
838,Torphy-Homenick,Val Verde,907465,2024-11-13 01:41:12,
839,Bergnaum and Sons,Val Verde,694105,2024-10-20 12:22:22,
840,Dicki-Ernser,Val Verde,696692,2025-03-17 09:28:50,
841,Simonis-Barrows,Val Verde,501586,2025-05-10 01:41:13,
842,Cruickshank-Hilll,Val Verde,778769,2024-05-17 15:56:30,
843,"Schmeler, White and Kohler",Val Verde,973666,2025-03-29 20:49:42,
844,Kertzmann-Conroy,Val Verde,774289,2024-12-27 21:20:43,
845,"Cummerata, Yost and Kling",Val Verde,988332,2024-02-01 16:49:58,
846,"Grady, Bergstrom and Schneider",Val Verde,515176,2024-09-22 12:14:43,
847,Shanahan-Gottlieb,Val Verde,355453,2024-09-02 21:20:59,
848,"Streich, Gibson and Cruickshank",Val Verde,381400,2024-04-27 16:45:04,
849,McDermott and Sons,Val Verde,285484,2024-02-09 04:10:49,
850,"O'Connell, Zieme and Hahn",Val Verde,816440,2024-01-27 03:01:12,
851,"Kessler, Gerlach and Kutch",Val Verde,201154,2024-03-10 05:08:31,
852,Frami-Trantow,Val Verde,703294,2024-12-31 01:55:08,
853,"Stroman, Lakin and Gutkowski",Val Verde,443801,2025-03-03 09:18:15,
854,Littel-Kessler,Val Verde,494895,2024-01-18 17:42:37,
855,Halvorson-Huels,Val Verde,137541,2024-12-25 08:13:33,
856,Bailey-Kertzmann,Val Verde,781138,2024-07-29 06:12:29,
857,Keebler-Marquardt,Val Verde,286472,2025-03-12 16:48:11,
858,Hills Group,Val Verde,339744,2024-10-19 10:46:20,
859,Schoen-Little,Val Verde,384187,2024-06-24 05:57:17,
860,Stark-Douglas,Val Verde,285085,2024-05-23 11:24:57,
861,Frami-Mann,Val Verde,552493,2024-12-03 20:37:43,
862,Rutherford LLC,Val Verde,697401,2024-01-30 21:20:41,
863,"Smith, Franecki and Huels",Val Verde,683574,2024-06-12 04:01:18,
864,"Hoeger, Legros and Stracke",Val Verde,640220,2025-02-12 05:41:46,
865,Barrows LLC,Val Verde,534582,2024-06-16 12:11:13,
866,"Dach, Graham and Watsica",Val Verde,773751,2025-04-29 06:12:31,
867,Kris-Prohaska,Val Verde,781951,2024-11-27 12:15:32,
868,Simonis and Sons,Val Verde,349758,2024-03-16 03:36:11,
869,Blick-Schroeder,Val Verde,698263,2024-03-31 09:32:35,
870,Thiel-Beahan,Val Verde,713264,2025-02-21 21:06:06,
871,Marvin-Wolf,Val Verde,667550,2024-01-12 23:21:35,
872,Cassin LLC,Val Verde,922876,2025-05-16 23:06:15,
873,Rau LLC,Val Verde,379284,2024-08-28 14:28:23,
874,"Paucek, Ratke and Connelly",Val Verde,828710,2024-06-30 08:51:47,
875,"Rosenbaum, Stroman and Crona",Val Verde,707173,2025-03-29 05:32:20,
876,Smith and Sons,Val Verde,879929,2024-05-09 22:24:59,
877,Romaguera Group,Val Verde,334260,2024-05-14 23:53:20,
878,"Braun, Halvorson and Davis",Val Verde,136477,2024-10-25 14:55:22,
879,Lueilwitz-Friesen,Val Verde,968332,2024-12-11 16:27:05,
880,"Fadel, Sporer and Ryan",Val Verde,992990,2025-01-18 08:21:47,
881,Hermann-Sanford,Val Verde,399581,2024-07-15 16:46:02,
882,Ferry-Shields,Val Verde,789722,2024-04-16 21:23:58,
883,Cronin Group,Val Verde,238047,2025-02-17 18:12:35,
884,"Spencer, Gerlach and Weissnat",Val Verde,263460,2024-11-08 09:37:44,
885,Rohan-Cormier,Val Verde,739211,2025-04-03 13:52:11,
886,"Sanford, Hettinger and Cummings",Val Verde,694454,2025-01-24 00:57:36,
887,Cremin Group,Val Verde,719676,2024-02-02 15:12:18,
888,"Bailey, Beatty and Halvorson",Val Verde,557122,2024-07-11 08:51:18,
889,"Stamm, Considine and McKenzie",Val Verde,423541,2024-04-01 04:44:18,
890,"Johnston, Gutmann and Senger",Val Verde,718778,2024-05-22 15:51:52,
891,"Emmerich, Will and Douglas",Val Verde,732130,2024-02-17 07:15:46,
892,Padberg-Mohr,Val Verde,442643,2024-08-18 05:20:22,
893,"Yost, Kuhic and Medhurst",Val Verde,114716,2025-05-07 08:23:34,
894,Block and Sons,Val Verde,242336,2024-09-20 02:56:17,
895,"Paucek, Lemke and Hoppe",Val Verde,651059,2024-10-09 23:00:29,
896,"Schaefer, Johns and Mante",Val Verde,450201,2024-07-02 18:29:26,
897,Mueller LLC,Val Verde,118798,2024-07-29 12:20:37,
898,Johnson-Marks,Val Verde,740289,2024-11-26 22:28:09,
899,Dietrich-Hilpert,Val Verde,408155,2025-04-05 12:59:45,
900,Luettgen-Brakus,Val Verde,465204,2025-04-20 16:27:19,
901,Mueller-Roberts,Val Verde,341992,2025-05-06 19:55:13,
902,Harber Group,Val Verde,498188,2025-01-23 07:28:55,
903,"Waters, Kuhlman and Goldner",Val Verde,656359,2024-09-03 02:09:35,
904,"Spinka, Zulauf and Davis",Val Verde,679867,2024-03-18 23:04:15,
905,Wintheiser LLC,Val Verde,753420,2025-02-17 02:10:25,
906,"Yundt, Simonis and Cruickshank",Val Verde,883573,2025-05-21 00:49:06,
907,Hermann and Sons,Val Verde,971691,2024-04-13 08:16:23,
908,Hudson Inc,Val Verde,247165,2024-11-13 04:38:17,
909,Heidenreich Group,Val Verde,313718,2025-03-03 09:49:48,
910,Schuster Group,Val Verde,606824,2024-04-02 06:24:57,
911,Hettinger and Sons,Val Verde,641834,2024-01-21 08:09:07,
912,"McLaughlin, Heathcote and Mohr",Val Verde,315814,2025-05-03 05:39:32,
913,Emard Inc,Val Verde,644728,2025-03-18 13:10:01,
914,Hauck-Wunsch,Val Verde,464538,2025-05-24 20:32:48,
915,Spencer-Weissnat,Val Verde,886644,2025-02-25 09:42:38,
916,"Simonis, Roob and Lakin",Val Verde,565901,2024-06-29 17:24:50,
917,O'Conner-Strosin,Val Verde,357366,2024-04-21 06:44:17,
918,"Bahringer, Kovacek and Wolf",Val Verde,586900,2024-04-26 20:33:33,
919,Moore-Cruickshank,Val Verde,578317,2025-01-15 01:03:55,
920,Hand-Rutherford,Val Verde,595948,2025-03-06 21:10:48,
921,Dicki and Sons,Val Verde,387797,2024-02-10 22:57:34,
922,"Lebsack, Stamm and Zboncak",Val Verde,652722,2025-04-23 18:41:44,
923,Turcotte-Hudson,Val Verde,698073,2024-01-13 17:55:39,
924,Goldner and Sons,Val Verde,143619,2024-10-09 07:03:16,
925,Fahey-Rippin,Val Verde,808330,2024-10-10 00:31:50,
926,Bahringer Inc,Val Verde,485779,2024-09-05 02:48:29,
927,"Pfannerstill, Maggio and Swaniawski",Val Verde,152465,2025-03-09 07:44:44,
928,Beahan-Christiansen,Val Verde,109964,2025-01-08 07:52:06,
929,Tremblay-Bernier,Val Verde,760529,2024-01-12 03:31:25,
930,"Ratke, Cummerata and Kessler",Val Verde,721601,2024-03-10 12:34:33,
931,Smith-Bode,Val Verde,160198,2024-12-13 21:44:14,
932,Schroeder-Torp,Val Verde,982585,2025-03-06 08:54:11,
933,"Schultz, Altenwerth and Jacobson",Val Verde,120456,2025-03-13 02:26:38,
934,Beer Inc,Val Verde,617800,2024-04-27 09:38:36,
935,Lakin-Kerluke,Val Verde,211701,2024-06-18 05:17:20,
936,Daniel-Kuhlman,Val Verde,588371,2024-03-10 05:25:26,
937,Erdman-Strosin,Val Verde,831854,2024-02-17 16:42:00,
938,Friesen Inc,Val Verde,651115,2025-01-25 20:33:59,
939,Reinger Inc,Val Verde,269599,2024-11-04 17:05:17,
940,Barton-Sipes,Val Verde,844788,2024-05-10 00:18:33,
941,Stoltenberg-Boehm,Val Verde,245746,2024-07-16 15:41:17,
942,Cummings LLC,Val Verde,671501,2025-03-19 03:41:37,
943,"Goldner, Schulist and Haag",Val Verde,947917,2024-08-16 13:59:56,
944,"Krajcik, Beahan and McCullough",Val Verde,114212,2024-12-21 16:14:03,
945,Torp Group,Val Verde,551289,2024-04-03 15:08:08,
946,Stehr Group,Val Verde,365409,2024-02-04 00:04:55,
947,Casper and Sons,Val Verde,702460,2024-12-23 04:15:35,
948,Mohr LLC,Val Verde,201607,2024-04-19 17:57:49,
949,"Schimmel, Collins and McDermott",Val Verde,586965,2024-08-28 23:36:39,
950,"Yost, Cremin and Weissnat",Val Verde,311810,2024-07-22 04:11:30,
951,Effertz LLC,Val Verde,350614,2024-06-14 07:38:17,
952,Balistreri-Kessler,Val Verde,283159,2024-10-03 22:12:46,
953,Dooley Inc,Val Verde,131893,2024-07-27 12:30:22,
954,Lind-Mohr,Val Verde,975338,2024-03-12 21:20:21,
955,O'Reilly-Conn,Val Verde,181088,2025-04-16 21:16:41,
956,Crooks LLC,Val Verde,161221,2025-04-08 10:49:20,
957,Kreiger and Sons,Val Verde,763836,2025-04-19 09:50:07,
958,Jerde Inc,Val Verde,284009,2024-05-11 16:23:17,
959,Schmidt Inc,Val Verde,706113,2024-02-06 22:02:09,
960,Pollich Inc,Val Verde,248838,2024-04-13 23:01:26,
961,Nader Inc,Val Verde,158535,2025-04-21 09:41:34,
962,"Ullrich, Rowe and Willms",Val Verde,631612,2024-01-14 09:19:42,
963,"Thiel, Will and Bauch",Val Verde,676640,2024-09-20 02:01:27,
964,Wolf and Sons,Val Verde,902781,2024-12-09 22:26:05,
965,Bartell LLC,Val Verde,867930,2024-12-19 14:31:38,
966,Jacobi Inc,Val Verde,736517,2025-01-30 08:38:39,
967,Stanton Group,Val Verde,753066,2024-09-15 20:06:39,
968,"Bergstrom, Grimes and Reichert",Val Verde,812940,2024-03-26 15:39:45,
969,"Kessler, Murazik and Reichert",Val Verde,749583,2025-05-19 23:44:20,
970,Schuppe Group,Val Verde,728719,2024-05-04 00:02:50,
971,Streich LLC,Val Verde,880237,2024-02-20 20:12:12,
972,Kovacek Group,Val Verde,296508,2025-02-02 12:47:25,
973,Hayes-Jakubowski,Val Verde,693880,2024-02-10 00:59:27,
974,Christiansen Group,Val Verde,998315,2024-05-07 01:19:54,
975,"McGlynn, Harvey and Bradtke",Val Verde,245886,2025-03-26 06:35:07,
976,"Pfannerstill, Pfannerstill and Abernathy",Val Verde,851190,2025-05-23 09:16:55,
977,Miller and Sons,Val Verde,561229,2025-05-11 15:30:16,
978,"Lind, Konopelski and Metz",Val Verde,324981,2024-05-14 12:46:14,
979,"Stracke, Upton and Kirlin",Val Verde,866086,2024-03-13 13:50:52,
980,"Schuppe, Schowalter and Bosco",Val Verde,951187,2024-04-04 08:53:00,
981,Smith-Prosacco,Val Verde,935827,2024-05-22 15:58:42,
982,Williamson and Sons,Val Verde,615523,2024-08-16 21:05:46,
983,Dickens Inc,Val Verde,112233,2024-04-22 07:58:37,
984,Bergstrom LLC,Val Verde,233326,2024-07-05 23:13:40,
985,Christiansen and Sons,Val Verde,488438,2024-06-25 14:42:04,
986,"Nolan, Purdy and Ward",Val Verde,865308,2025-03-16 16:09:02,
987,Maggio-Greenfelder,Val Verde,603559,2024-02-28 20:56:17,
988,Dare and Sons,Val Verde,140498,2024-09-11 05:11:17,
989,Mueller-Parker,Val Verde,683886,2025-02-18 11:30:56,
990,Vandervort-Mitchell,Val Verde,856623,2025-04-10 18:55:44,
991,Lehner-Littel,Val Verde,564767,2024-06-06 07:51:38,
992,Collier-McClure,Val Verde,735531,2024-09-12 18:56:16,
993,"Ryan, Blanda and Doyle",Val Verde,728341,2024-11-14 22:00:06,
994,"Greenfelder, Konopelski and Braun",Val Verde,332526,2024-07-11 00:06:47,
995,Paucek-Rau,Val Verde,406282,2024-01-04 22:03:56,
996,"Schoen, Schimmel and Schoen",Val Verde,608706,2024-04-21 23:32:49,
997,"Stoltenberg, Reichert and Hudson",Val Verde,951756,2025-05-08 01:39:24,
998,Renner Inc,Val Verde,565291,2024-04-29 15:00:38,
999,Littel-Lebsack,Val Verde,163894,2024-01-05 01:12:41,
1000,Streich-Hintz,Val Verde,422961,2024-02-07 17:42:26,
